treatment,mean_spearman_english,mean_spearman_non_english,n_english,n_non_english
AR,0.8353770260747005,0.11688311688311684,43,7
RegP|base,0.8773784355179702,0.3333333333333333,43,7
RegP|ext,0.8708949964763918,0.3264069264069263,43,7
RegP|filt,0.8644115574348133,0.2346320346320346,43,7
RegP|sel,0.8751233262861169,0.4337662337662337,43,7
RegP|new,0.8644115574348131,0.3229437229437229,43,7
RegP|cheap,0.8505990133897111,0.23463203463203458,43,7
RegR|base,0.8467778563699865,0.36796536796536794,43,7
RegR|ext,0.8722278537083601,0.5047619047619046,43,7
RegR|filt,0.8555869839077137,0.477056277056277,43,7
RegR|sel,0.8780623482988288,0.5203463203463203,43,7
RegR|new,0.8711556472210172,0.5472494021902429,43,7
RegR|cheap,0.8596484118732282,0.5596868893319337,43,7
Harris|base,0.8593375616631428,0.42164502164502154,43,7
Harris|ext,0.8604651162790697,0.4805194805194804,43,7
Harris|filt,0.8508809020436925,0.39220779220779217,43,7
Harris|sel,0.8717406624383367,0.5064935064935064,43,7
Harris|new,0.8683579985905566,0.44415584415584414,43,7
Harris|cheap,0.8610288935870329,0.46147186147186137,43,7
