treatment,t1,t2,t3,t4,t5,t6,t7,t8,t9,t10
AR,0.016436240750808413,0.004972937762732907,0.00042325326871981204,0.00015309528653349337,0.0,0.0,0.0,0.0,0.0,0.0
RegP|base,0.008479160318124748,0.0033567543364048393,0.0006864187504890196,0.00015309528653349337,0.0,0.0,0.0,0.0,0.0,0.0
RegP|ext,0.012474340992188424,0.0033009440062747018,0.00015309528653349337,0.00015309528653349337,0.0,0.0,0.0,0.0,0.0,0.0
RegP|filt,0.011251244597178052,0.004307519339027379,0.0003262928217593641,0.00015309528653349337,0.0,0.0,0.0,0.0,0.0,0.0
RegP|sel,0.012059517625965918,0.001937102013485339,0.00037339528594604543,0.00015309528653349337,0.0,0.0,0.0,0.0,0.0,0.0
RegP|new,0.013162641377764222,0.003745900420804298,0.0003262928217593641,0.00015309528653349337,0.0,0.0,0.0,0.0,0.0,0.0
RegP|cheap,0.011086041643671541,0.0026602370531977958,0.00017179104225192532,0.00015309528653349337,0.0,0.0,0.0,0.0,0.0,0.0
RegR|base,0.010422923877085257,0.005440326358355005,0.0011847061389878033,0.00015309528653349337,0.0001441737342922389,0.0,0.0,0.0,0.0,0.0
RegR|ext,0.009946985154756432,0.005298429869614203,0.0021992571864760824,0.00015309528653349337,0.0001441737342922389,0.0,0.0,0.0,0.0,0.0
RegR|filt,0.010184235972873885,0.004996999422767414,0.002055926470505931,0.00015309528653349337,0.0,0.0,0.0,0.0,0.0,0.0
RegR|sel,0.009181744769807381,0.0050577285595017375,0.0014474083151151328,0.00015309528653349337,0.0001441737342922389,0.0,0.0,0.0,0.0,0.0
RegR|new,0.009564386884824772,0.005630667438755788,0.00015309528653349337,0.00015309528653349337,0.0001441737342922389,0.0,0.0,0.0,0.0,0.0
RegR|cheap,0.011383176183272259,0.0041639545927668635,0.00015309528653349337,0.00015309528653349337,0.0,0.0,0.0,0.0,0.0,0.0
Harris|base,0.00993170365930092,0.001798582981600536,0.0006864187504890196,0.00015309528653349337,0.0,0.0,0.0,0.0,0.0,0.0
Harris|ext,0.00892531081030616,0.0028758658768730004,0.00015309528653349337,0.00015309528653349337,0.0,0.0,0.0,0.0,0.0,0.0
Harris|filt,0.012500152102499641,0.003035364141436674,0.00015309528653349337,0.00015309528653349337,0.0,0.0,0.0,0.0,0.0,0.0
Harris|sel,0.008454186726269108,0.0018162326201235346,0.00015309528653349337,0.00015309528653349337,0.0,0.0,0.0,0.0,0.0,0.0
Harris|new,0.010677076483010623,0.003559941355034799,0.0003262928217593641,0.00015309528653349337,0.0,0.0,0.0,0.0,0.0,0.0
Harris|cheap,0.008942715402173774,0.0018779209060158864,0.00030589151105945065,0.00015309528653349337,0.0,0.0,0.0,0.0,0.0,0.0
