dataset_id,AR,RegP|base,RegP|ext,RegP|filt,RegP|sel,RegP|new,RegP|cheap,RegR|base,RegR|ext,RegR|filt,RegR|sel,RegR|new,RegR|cheap,Harris|base,Harris|ext,Harris|filt,Harris|sel,Harris|new,Harris|cheap
davidson_3way,0.0035689167340057447,0.0035689167340057447,0.0035689167340057447,0.0035689167340057447,0.0035689167340057447,0.0035689167340057447,0.0035689167340057447,7.689416388401149e-05,0.0036073638159477505,7.689416388401149e-05,7.689416388401149e-05,7.689416388401149e-05,0.0035689167340057447,0.0035689167340057447,0.0035689167340057447,0.0035689167340057447,0.0035689167340057447,0.0035689167340057447,0.0035689167340057447
davidson_hate_vs_not,0.006294298195111259,0.0,0.0,0.0,0.006294298195111259,0.006294298195111259,0.006294298195111259,0.004026380814427921,0.00830748860232522,0.00830748860232522,0.004026380814427921,0.00830748860232522,0.006294298195111259,0.0020131904072139607,0.006294298195111259,0.006294298195111259,0.006294298195111259,0.006294298195111259,0.006294298195111259
ethos_binary,0.002883474685844778,0.002883474685844778,0.002883474685844778,0.002883474685844778,0.002883474685844778,0.002883474685844778,0.002883474685844778,0.0036043433573059724,0.0036043433573059724,0.002883474685844778,0.0036043433573059724,0.0036043433573059724,0.002883474685844778,0.002883474685844778,0.002883474685844778,0.002883474685844778,0.002883474685844778,0.002883474685844778,0.002883474685844778
ethos_category_gender_vs_rest,0.0,0.0,0.0,0.0,0.0,0.0,0.0,0.0,0.0,0.0,0.0,0.0,0.0,0.0,0.0,0.0,0.0,0.0,0.0
ethos_category_national_origin_vs_rest,0.0,0.0,0.0,0.0,0.0,0.0,0.0,0.0,0.0,0.0,0.0,0.0,0.0,0.0,0.0,0.0,0.0,0.0,0.0
ethos_category_race_vs_rest,0.0,0.0,0.0,0.0,0.0,0.0,0.0,0.0,0.0,0.0,0.0,0.0,0.0,0.0,0.0,0.0,0.0,0.0,0.0
ethos_category_religion_vs_rest,0.002597963028388062,0.0008659876761293539,0.0017319753522587078,0.002597963028388062,0.0008659876761293539,0.002597963028388062,0.0017319753522587078,0.002597963028388062,0.0017319753522587078,0.0017319753522587078,0.0008659876761293539,0.0017319753522587078,0.0017319753522587078,0.0017319753522587078,0.0017319753522587078,0.0017319753522587078,0.0017319753522587078,0.002597963028388062,0.0017319753522587078
hatebr_offensive_binary,0.006667944859102892,0.004724437631981215,0.004724437631981215,0.004724437631981215,0.004724437631981215,0.004724437631981215,0.004724437631981215,0.008483681988785963,0.01224292634559071,0.01224292634559071,0.008483681988785963,0.008483681988785963,0.008483681988785963,0.004724437631981215,0.004724437631981215,0.004724437631981215,0.004724437631981215,0.004724437631981215,0.004724437631981215
hatebr_partyism_vs_rest,0.009540894773239706,0.0,0.0,0.0,0.0,0.0,0.005754911563057441,0.011509823126114881,0.017264734689172324,0.017264734689172324,0.017264734689172324,0.011509823126114881,0.005754911563057441,0.005754911563057441,0.005754911563057441,0.005754911563057441,0.005754911563057441,0.005754911563057441,0.005754911563057441
hatecheck_en,0.0,0.0,0.0,0.00027389283349800176,0.0,0.0005477856669960035,0.0,0.0,0.0,0.0,0.00027389283349800176,0.0,0.0,0.0,0.0,0.0,0.0,0.0053857331589236,0.0
hateval_en_AG,0.003260148338814195,0.003260148338814195,0.003260148338814195,0.003260148338814195,0.003260148338814195,0.003260148338814195,0.003260148338814195,0.0033256249672075078,0.003260148338814195,0.003260148338814195,0.003260148338814195,0.0001309532567866256,0.0031946717104208823,0.003260148338814195,0.003260148338814195,0.003260148338814195,0.003260148338814195,0.003260148338814195,0.0031946717104208823
hateval_en_HS,0.00016273027158206777,0.00016273027158206777,0.00016273027158206777,0.00032546054316413554,0.00016273027158206777,0.00016273027158206777,0.0,0.0004881908147462033,0.0003452245505234819,0.00032546054316413554,0.0003452245505234819,0.0003452245505234819,0.0003452245505234819,0.00032546054316413554,0.00032546054316413554,0.00032546054316413554,0.00032546054316413554,0.00032546054316413554,0.0005079548221055497
hateval_en_TR,0.0031302346454297413,0.004695351968144612,0.0036076815732860256,0.0036076815732860256,0.0031302346454297413,0.0036076815732860256,0.002042564250571155,0.004695351968144612,0.0031302346454297413,0.0,0.0031302346454297413,0.0031302346454297413,0.0,0.004695351968144612,0.0031302346454297413,0.0031302346454297413,0.0031302346454297413,0.0031302346454297413,0.0
hateval_es_AG,0.010309528954791291,0.0033813536851157065,0.0033813536851157065,0.006762707370231413,0.0033813536851157065,0.0033813536851157065,0.0033813536851157065,0.0033813536851157065,0.0,0.0,0.0,0.0,0.0,0.0033813536851157065,0.0,0.0033813536851157065,0.0,0.0,0.0
hateval_es_HS,0.010860090273966361,0.0015905999616787404,0.010860090273966361,0.010860090273966361,0.0015905999616787404,0.010860090273966361,0.0015905999616787404,0.0,0.0,0.0,0.0,0.0,0.0,0.0,0.0,0.0,0.0,0.0,0.0
hateval_es_TR,0.010075869437127839,0.004354684069970393,0.0021773420349851967,0.0021773420349851967,0.0021773420349851967,0.0021773420349851967,0.0021773420349851967,0.010075869437127839,0.0,0.0,0.0,0.0,0.0,0.0021773420349851967,0.0021773420349851967,0.0021773420349851967,0.0021773420349851967,0.0021773420349851967,0.0
hatewic_all,0.0,0.0,0.0,0.0,0.0,0.0,0.0,0.0,0.0,0.0,0.0,0.0,0.0,0.0,0.0,0.0,0.0,0.0,0.0
hatexplain_3way,0.004162350292210193,0.004162350292210193,0.004162350292210193,0.004162350292210193,0.004162350292210193,0.004162350292210193,0.0027944847327783682,0.005559592658599377,0.004162350292210193,0.004162350292210193,0.004162350292210193,0.004162350292210193,0.004162350292210193,0.004162350292210193,0.004162350292210193,0.004162350292210193,0.004162350292210193,0.004162350292210193,0.004162350292210193
hatexplain_hate_vs_rest,0.0010993661893942352,0.001436885063827209,0.0010993661893942352,0.0006750377488659476,0.001436885063827209,0.0006750377488659476,0.0003375188744329738,0.001436885063827209,0.0010993661893942352,0.0010993661893942352,0.0007618473149612615,0.0010993661893942352,0.0010993661893942352,0.001436885063827209,0.0010993661893942352,0.0010993661893942352,0.0010993661893942352,0.0010993661893942352,0.0010993661893942352
ihc_stg1_3way,0.0,0.0034619746385294303,0.0034619746385294303,0.0033223756914158463,0.0034619746385294303,0.0034619746385294303,0.0018007867928215072,0.0,0.0018007867928215072,0.0034619746385294303,0.0018007867928215072,0.0034619746385294303,0.0034619746385294303,0.0,0.0034619746385294303,0.0034619746385294303,0.0,0.0034619746385294303,0.0018007867928215072
ihc_stg1_binary,0.0,0.0,0.0,0.0,0.0,0.0,0.0,0.0,0.0,0.00010773225235389816,0.0,0.0,5.386612617694908e-05,0.0,0.0,0.00010773225235389816,0.0,0.0,0.0
ihc_stg1_explicit_vs_not,0.0,0.0,8.829286020404226e-05,0.00017658572040808452,8.829286020404226e-05,8.829286020404226e-05,0.0,0.0,0.00017658572040808452,0.00017658572040808452,0.00017658572040808452,0.00017658572040808452,8.829286020404226e-05,0.0,0.00017658572040808452,0.001583956901012662,8.829286020404226e-05,0.0,0.0
ihc_stg1_implicit_vs_not,0.0021820509522145317,0.00132836829936962,0.00132836829936962,0.0008536826528449115,0.00132836829936962,0.00132836829936962,0.00132836829936962,0.00132836829936962,0.001707365305689823,0.0008536826528449115,0.0021820509522145317,0.0021820509522145317,0.001707365305689823,0.00132836829936962,0.0021820509522145317,0.0008536826528449115,0.00132836829936962,0.0021820509522145317,0.0021820509522145317
ihc_stg2_6way,0.0024701317583771367,0.0024701317583771367,0.0012350658791885683,0.0012350658791885683,0.0012350658791885683,0.0024701317583771367,0.0024701317583771367,0.0024701317583771367,0.0012350658791885683,0.0012350658791885683,0.0012350658791885683,0.0012350658791885683,0.0012350658791885683,0.0012350658791885683,0.0012350658791885683,0.0012350658791885683,0.0012350658791885683,0.0012350658791885683,0.0012350658791885683
ihc_stg2_incitement_vs_rest,0.0,0.0,0.0015228896619494114,0.003045779323898823,0.0015228896619494114,0.0,0.0,0.00366114315599132,0.00366114315599132,0.00366114315599132,0.00366114315599132,0.00366114315599132,0.00366114315599132,0.0,0.0,0.00366114315599132,0.0,0.0,0.0
ihc_stg2_inferiority_vs_rest,0.0,0.0,0.0021677361797630135,0.0,0.0021677361797630135,0.0021677361797630135,0.0,0.0,0.004335472359526027,0.004335472359526027,0.004335472359526027,0.004335472359526027,0.007314874544133476,0.0,0.004335472359526027,0.007314874544133476,0.0,0.0,0.0
ihc_stg2_irony_vs_rest,0.0,0.0,0.0018187705151468613,0.0018187705151468613,0.0018187705151468613,0.0018187705151468613,0.0,0.0,0.003366331450208282,0.003366331450208282,0.003095121870122841,0.003366331450208282,0.003095121870122841,0.0,0.0,0.0018187705151468613,0.0,0.0,0.0
ihc_stg2_stereotypical_vs_rest,0.0,0.0,0.0,0.0,0.0,0.0,0.0,0.0005269552836881131,0.0012066167173248377,0.0005269552836881131,0.0005269552836881131,0.0005269552836881131,0.00026347764184405655,0.0,0.00026347764184405655,0.0005269552836881131,0.0,0.0,0.0
ihc_stg2_threatening_vs_rest,0.0001784310448250892,0.0001784310448250892,0.0001784310448250892,0.0001784310448250892,0.0001784310448250892,0.0001784310448250892,0.0001784310448250892,0.0001784310448250892,0.000414711909858001,0.0015661045879838743,0.0015661045879838743,0.0015661045879838743,0.0015661045879838743,0.0001784310448250892,0.0001784310448250892,0.0001784310448250892,0.0001784310448250892,0.0001784310448250892,0.0001784310448250892
ihc_stg2_white_grievance_vs_rest,0.0,0.0,0.0015284180802094594,0.00021012386846372966,0.0013182942117457297,0.0,0.0,0.0015284180802094594,0.0015284180802094594,0.0015284180802094594,0.0015284180802094594,0.0015284180802094594,0.0013182942117457297,0.0,0.0,0.0013182942117457297,0.0013182942117457297,0.0,0.0
ihc_target_black_vs_not,0.0021707054554500615,0.0010853527277250308,0.0010853527277250308,0.0,0.0021707054554500615,0.0010853527277250308,0.0010853527277250308,0.0010853527277250308,0.0016055962994243167,0.0016055962994243167,0.0016055962994243167,0.0016055962994243167,0.0026909490271493476,0.0010853527277250308,0.0021707054554500615,0.0016055962994243167,0.0010853527277250308,0.0021707054554500615,0.0021707054554500615
ihc_target_immigrant_vs_not,0.0014333071597015135,0.0007166535798507567,0.0007166535798507567,0.0007166535798507567,0.0014333071597015135,0.0014333071597015135,0.0014333071597015135,0.0007166535798507567,0.0021499607395522704,0.0007166535798507567,0.0021499607395522704,0.0014333071597015135,0.0014333071597015135,0.0007166535798507567,0.0014333071597015135,0.0007166535798507567,0.0014333071597015135,0.0014333071597015135,0.0014333071597015135
ihc_target_jewish_vs_not,0.0,0.0,0.0,0.0,0.0,0.0,0.0,0.0004264554835352929,0.0004264554835352929,0.0008529109670705858,0.0,0.0,0.0,0.0005427986991131007,0.0,0.0009692541826483936,0.0,0.0,0.0
ihc_target_lgbt_vs_not,0.0014544067044067188,0.0004848022348022396,0.0004848022348022396,0.0004848022348022396,0.0004848022348022396,0.0004848022348022396,0.0004848022348022396,0.0004848022348022396,0.0004848022348022396,0.0004848022348022396,0.0004848022348022396,0.0004848022348022396,0.0004848022348022396,0.0004848022348022396,0.0004848022348022396,0.0004848022348022396,0.0004848022348022396,0.0004848022348022396,0.0004848022348022396
ihc_target_muslim_vs_not,0.0013518768116512758,0.0006759384058256379,0.0006759384058256379,0.0006759384058256379,0.0013518768116512758,0.0013518768116512758,0.0013518768116512758,0.0013518768116512758,0.0013518768116512758,0.0006759384058256379,0.0013518768116512758,0.0013518768116512758,0.0013518768116512758,0.0006759384058256379,0.0013518768116512758,0.0006759384058256379,0.0013518768116512758,0.0013518768116512758,0.0013518768116512758
mlma_ar_hate_vs_normal,0.008588379437273164,8.773405337588746e-05,8.773405337588746e-05,0.00017546810675177492,0.0,8.773405337588746e-05,8.773405337588746e-05,0.0,0.0,0.0,0.0,0.0,0.0,0.0,0.0,8.773405337588746e-05,0.0,0.0,0.0
mlma_en_hate_vs_normal,0.0,0.0005580859824975915,0.0,0.0005580859824975915,0.001116171964995183,0.0005580859824975915,0.0005580859824975915,0.001116171964995183,0.001116171964995183,0.005342883941949627,0.005342883941949627,0.005342883941949627,0.005342883941949627,0.0,0.0,0.0,0.001116171964995183,0.001116171964995183,0.001116171964995183
mlma_fr_hate_vs_normal,0.01133436514423226,0.01133436514423226,0.01133436514423226,0.01133436514423226,0.005608408737410242,0.01133436514423226,0.011216817474820484,0.0,0.0,0.0,0.0,0.0,0.0,0.005608408737410242,0.0,0.0,0.0,0.011216817474820484,0.005608408737410242
sbic_hf_group_targeted,0.0,0.0,0.0,0.0,0.0,0.0,0.0,0.0,0.0,0.0,0.0,0.0,0.0,0.0,0.0,0.0,0.0,0.0,0.0
sbic_hf_offensive_gab,0.0,0.0,0.0,0.0,0.0,0.0,0.0,0.0,0.0,0.0,0.0,0.0,0.0,0.0,0.0,0.0,0.0,0.0,0.0
sbic_hf_offensive_reddit,0.00034787464550160017,0.00034787464550160017,0.00034787464550160017,0.00034787464550160017,0.00034787464550160017,0.00034787464550160017,0.00044135342409376,0.00034787464550160017,0.00034787464550160017,0.00034787464550160017,0.00034787464550160017,0.00034787464550160017,0.00034787464550160017,0.00034787464550160017,0.00034787464550160017,0.00034787464550160017,0.00034787464550160017,0.00034787464550160017,0.00034787464550160017
sbic_hf_offensive_stormfront,0.0,0.0,0.0,0.0026266214844502976,0.0,0.0,0.0,0.0,0.0,0.0,0.0,0.0,0.0,0.0,0.0,0.0,0.0,0.0,0.0
sbic_hf_offensive_twitter,0.0022743333060718405,0.002226951317825021,0.0,0.0,0.0011608576471593302,0.0022743333060718405,0.0022743333060718405,0.0022743333060718405,0.0022743333060718405,0.0022743333060718405,0.0022743333060718405,0.0022743333060718405,0.0022743333060718405,0.0022743333060718405,0.0022743333060718405,0.0022743333060718405,0.0022743333060718405,0.0022743333060718405,0.0022743333060718405
sbic_hf_sex,0.0,0.0,0.0048494046498263835,0.0,0.0048494046498263835,0.0048494046498263835,0.0,0.0,0.0,0.0,0.0,0.0,0.0,0.0,0.0,0.0,0.0,0.0,0.0
sbic_offensive_binary,0.0,0.0,0.0,0.0,0.0,0.0,0.0,0.0,0.0,0.0,0.0,0.0,0.0,0.0,0.0,0.0,0.0,0.0,0.0
toxic_conversations_binary,0.0,0.001041615877829627,0.0,0.0,0.001041615877829627,0.0,0.0,0.0,0.0,0.0,0.0,0.0,0.0,0.0,0.0,0.0,0.0,0.0,0.0
tweeteval_hate,0.0,0.0,0.0031602408323275323,0.0031602408323275323,0.0,0.0,0.00171202599668675,0.00171202599668675,0.0,0.00171202599668675,0.0,0.0,0.003292146412850516,0.0,0.0,0.0,0.0,0.0,0.0
tweeteval_offensive,0.0,0.0,0.0,0.0018624297755589936,0.0,0.0,0.0018624297755589936,0.005963234161423659,0.0,0.0,0.0,0.0,0.0,0.005963234161423659,0.0,0.005963234161423659,0.0,0.0,0.0
ucb_hate_binary,0.0015279622452595732,0.00229194336788936,0.002715197361553312,0.0015279622452595732,0.00229194336788936,0.002715197361553312,0.0015279622452595732,0.00229194336788936,0.0007639811226297866,0.0007639811226297866,0.0,0.0007639811226297866,0.0007639811226297866,0.00229194336788936,0.0015279622452595732,0.0015279622452595732,0.0015279622452595732,0.0007639811226297866,0.00229194336788936
ucb_target_identity_5way,0.0,0.0,0.0,0.0,0.0,0.0,0.0,0.0,0.0,0.0,0.0,0.0,0.0,0.0,0.0,0.0,0.0,0.0,0.0
