group,family,origin,n_features,total_seconds,mean_seconds_per_dataset,seconds_per_feature
cx,complexidade,new,10,1961.6033902869967,39.23206780573994,3.923206780573994
base_mutual_info,teoria da informação,base,2,349.80973880499005,6.996194776099801,3.4980973880499007
tok,tokenização (domínio),new,7,65.75151473900405,1.315030294780081,0.1878614706828687
lm,landmarker,new,6,50.131263036993914,1.0026252607398782,0.16710421012331303
ih,dureza de instância,new,6,18.313534151002386,0.3662706830200477,0.061045113836674623
shared_knn,pre-processamento compartilhado (ih/mt),new,0,16.389126617999864,0.32778253235999727,
lc,curva de aprendizado,new,3,11.3309417650089,0.226618835300178,0.07553961176672601
base_embedding,separabilidade,base,3,7.574966669002604,0.1514993333800521,0.05049977779335069
hl,léxico de ódio (domínio),new,4,3.7487411219844926,0.07497482243968985,0.018743705609922463
base_text,lexical+redes sociais,base,20,3.5808577910065624,0.07161715582013124,0.003580857791006562
ch,dureza de corpus (domínio),new,4,1.5437003759980121,0.030874007519960243,0.007718501879990061
mt,tipologia de minoria,new,6,0.026388350994236497,0.0005277670198847299,8.796116998078831e-05
base_balance,balanceamento+simples,base,8,0.0021083790015836035,4.216758003167207e-05,5.270947503959009e-06
base_manifest,metadados,base,3,0.0003447740091360174,6.895480182720348e-06,2.298493394240116e-06
