family,origin,algorithm,imp_impurity_sum,share_of_total
balanceamento,base,tfidf_word_lr,0.00457173306516379,0.00457173306516379
complexidade,new,tfidf_word_lr,0.02546538984030139,0.02546538984030139
curva de aprendizado,new,tfidf_word_lr,0.036071071783209854,0.036071071783209854
dureza de corpus (domínio),new,tfidf_word_lr,0.04159917464987043,0.04159917464987043
dureza de instância,new,tfidf_word_lr,0.01650733017802407,0.01650733017802407
landmarker,new,tfidf_word_lr,0.5938622639606599,0.5938622639606599
lexical,base,tfidf_word_lr,0.1100973508508662,0.1100973508508662
léxico de ódio (domínio),new,tfidf_word_lr,0.026413178794442497,0.026413178794442497
metadados,base,tfidf_word_lr,0.0008759194517378335,0.0008759194517378335
redes sociais,base,tfidf_word_lr,0.05316827460353871,0.05316827460353871
separabilidade,base,tfidf_word_lr,0.015574560866661077,0.015574560866661077
simples,base,tfidf_word_lr,0.0004631598474987914,0.0004631598474987914
teoria da informação,base,tfidf_word_lr,0.011112176876364087,0.011112176876364087
tipologia de minoria,new,tfidf_word_lr,0.016366929856843578,0.016366929856843578
tokenização (domínio),new,tfidf_word_lr,0.047851485374817766,0.047851485374817766
__TOTAL_NEW_SHARE__,new,tfidf_word_lr,0.8041368244381694,0.8041368244381694
balanceamento,base,tfidf_char_svm,0.009372537333900964,0.009372537333900963
complexidade,new,tfidf_char_svm,0.30282307512557655,0.3028230751255765
curva de aprendizado,new,tfidf_char_svm,0.028513568543096005,0.028513568543096
dureza de corpus (domínio),new,tfidf_char_svm,0.027292854283849477,0.02729285428384947
dureza de instância,new,tfidf_char_svm,0.023615750473162774,0.023615750473162767
landmarker,new,tfidf_char_svm,0.07703404827986837,0.07703404827986836
lexical,base,tfidf_char_svm,0.24604140031019084,0.24604140031019078
léxico de ódio (domínio),new,tfidf_char_svm,0.036080286589306565,0.03608028658930656
metadados,base,tfidf_char_svm,0.0004642276878541878,0.00046422768785418767
redes sociais,base,tfidf_char_svm,0.06157539082123637,0.06157539082123636
separabilidade,base,tfidf_char_svm,0.027253353429186597,0.02725335342918659
simples,base,tfidf_char_svm,0.04658209401417239,0.04658209401417238
teoria da informação,base,tfidf_char_svm,0.020389076579452155,0.020389076579452152
tipologia de minoria,new,tfidf_char_svm,0.05014894072033583,0.050148940720335815
tokenização (domínio),new,tfidf_char_svm,0.042813395808811015,0.04281339580881101
__TOTAL_NEW_SHARE__,new,tfidf_char_svm,0.5883219198240066,0.5883219198240065
balanceamento,base,tfidf_nb,0.24811195510634138,0.24811195510634138
complexidade,new,tfidf_nb,0.15870499210428174,0.15870499210428174
curva de aprendizado,new,tfidf_nb,0.023951303014699974,0.023951303014699974
dureza de corpus (domínio),new,tfidf_nb,0.010666562984391413,0.010666562984391413
dureza de instância,new,tfidf_nb,0.20179327369119116,0.20179327369119116
landmarker,new,tfidf_nb,0.021116977487219767,0.021116977487219767
lexical,base,tfidf_nb,0.047590337431753706,0.047590337431753706
léxico de ódio (domínio),new,tfidf_nb,0.019211649822816482,0.019211649822816482
metadados,base,tfidf_nb,0.0015322886711628093,0.0015322886711628093
redes sociais,base,tfidf_nb,0.07568229884379414,0.07568229884379414
separabilidade,base,tfidf_nb,0.02711091578028922,0.02711091578028922
simples,base,tfidf_nb,0.0004957738861389252,0.0004957738861389252
teoria da informação,base,tfidf_nb,0.029120500103170636,0.029120500103170636
tipologia de minoria,new,tfidf_nb,0.10047605573889501,0.10047605573889501
tokenização (domínio),new,tfidf_nb,0.03443511533385367,0.03443511533385367
__TOTAL_NEW_SHARE__,new,tfidf_nb,0.5703559301773493,0.5703559301773493
balanceamento,base,svd_rf,0.017797879383870098,0.017797879383870095
complexidade,new,svd_rf,0.04950281460550593,0.049502814605505915
curva de aprendizado,new,svd_rf,0.2411989093340705,0.24119890933407045
dureza de corpus (domínio),new,svd_rf,0.04561272745886434,0.045612727458864334
dureza de instância,new,svd_rf,0.039683878121933046,0.03968387812193304
landmarker,new,svd_rf,0.056392173458391634,0.05639217345839162
lexical,base,svd_rf,0.028626743100378535,0.028626743100378528
léxico de ódio (domínio),new,svd_rf,0.034642887492039434,0.03464288749203943
metadados,base,svd_rf,0.0017869584915225557,0.0017869584915225552
redes sociais,base,svd_rf,0.09216886964511305,0.09216886964511303
separabilidade,base,svd_rf,0.030326583033737364,0.030326583033737357
simples,base,svd_rf,0.0012683464435093777,0.0012683464435093775
teoria da informação,base,svd_rf,0.00911561656071478,0.009115616560714778
tipologia de minoria,new,svd_rf,0.09551200971820326,0.09551200971820323
tokenização (domínio),new,svd_rf,0.2563636031521462,0.2563636031521461
__TOTAL_NEW_SHARE__,new,svd_rf,0.8189090033411541,0.8189090033411539
balanceamento,base,svd_histgb,0.10133862423456542,0.10133862423456542
complexidade,new,svd_histgb,0.049212675783920634,0.049212675783920634
curva de aprendizado,new,svd_histgb,0.29938300029821613,0.29938300029821613
dureza de corpus (domínio),new,svd_histgb,0.023332364615083905,0.023332364615083905
dureza de instância,new,svd_histgb,0.02704821285744923,0.02704821285744923
landmarker,new,svd_histgb,0.03000504706619267,0.03000504706619267
lexical,base,svd_histgb,0.06441262194623004,0.06441262194623004
léxico de ódio (domínio),new,svd_histgb,0.016558484128532204,0.016558484128532204
metadados,base,svd_histgb,0.009387797031450389,0.009387797031450389
redes sociais,base,svd_histgb,0.11836566833010165,0.11836566833010165
separabilidade,base,svd_histgb,0.012763135159311996,0.012763135159311996
simples,base,svd_histgb,0.00046088505070190314,0.00046088505070190314
teoria da informação,base,svd_histgb,0.02639717437939025,0.02639717437939025
tipologia de minoria,new,svd_histgb,0.1710865402360441,0.1710865402360441
tokenização (domínio),new,svd_histgb,0.05024776888280941,0.05024776888280941
__TOTAL_NEW_SHARE__,new,svd_histgb,0.6668740938682483,0.6668740938682483
balanceamento,base,svd_knn,0.044976347036899796,0.044976347036899796
complexidade,new,svd_knn,0.03552804247781602,0.03552804247781602
curva de aprendizado,new,svd_knn,0.07494876838430488,0.07494876838430488
dureza de corpus (domínio),new,svd_knn,0.05040652854059774,0.05040652854059774
dureza de instância,new,svd_knn,0.12226626558782687,0.12226626558782687
landmarker,new,svd_knn,0.07254421702291332,0.07254421702291332
lexical,base,svd_knn,0.0614275394956066,0.0614275394956066
léxico de ódio (domínio),new,svd_knn,0.016981774669207157,0.016981774669207157
metadados,base,svd_knn,0.01710172653602128,0.01710172653602128
redes sociais,base,svd_knn,0.06365241006993597,0.06365241006993597
separabilidade,base,svd_knn,0.025246580824261493,0.025246580824261493
simples,base,svd_knn,0.0005595342933092931,0.0005595342933092931
teoria da informação,base,svd_knn,0.05739850262664339,0.05739850262664339
tipologia de minoria,new,svd_knn,0.05415997798164358,0.05415997798164358
tokenização (domínio),new,svd_knn,0.30280178445301265,0.30280178445301265
__TOTAL_NEW_SHARE__,new,svd_knn,0.7296373591173223,0.7296373591173223
balanceamento,base,minilm_lr,0.009826689409095415,0.009826689409095417
complexidade,new,minilm_lr,0.024755941603330743,0.024755941603330747
curva de aprendizado,new,minilm_lr,0.12207652328940088,0.1220765232894009
dureza de corpus (domínio),new,minilm_lr,0.006994702186856312,0.006994702186856313
dureza de instância,new,minilm_lr,0.019163763980846047,0.01916376398084605
landmarker,new,minilm_lr,0.32991391610598536,0.3299139161059854
lexical,base,minilm_lr,0.027759492149576362,0.027759492149576365
léxico de ódio (domínio),new,minilm_lr,0.006083193938383301,0.006083193938383302
metadados,base,minilm_lr,0.0877272661081827,0.08772726610818271
redes sociais,base,minilm_lr,0.10596333588071358,0.10596333588071359
separabilidade,base,minilm_lr,0.0334409080760547,0.03344090807605471
simples,base,minilm_lr,0.0006945488755830396,0.0006945488755830397
teoria da informação,base,minilm_lr,0.003863941964144063,0.0038639419641440633
tipologia de minoria,new,minilm_lr,0.016452627511958917,0.01645262751195892
tokenização (domínio),new,minilm_lr,0.20528314891988855,0.20528314891988858
__TOTAL_NEW_SHARE__,new,minilm_lr,0.7307238175366502,0.7307238175366503
balanceamento,base,minilm_mlp,0.002659173520681072,0.0026591735206810724
complexidade,new,minilm_mlp,0.014319620925835191,0.014319620925835193
curva de aprendizado,new,minilm_mlp,0.12415678308576926,0.12415678308576927
dureza de corpus (domínio),new,minilm_mlp,0.0162116514637088,0.016211651463708805
dureza de instância,new,minilm_mlp,0.01283450580453397,0.012834505804533972
landmarker,new,minilm_mlp,0.01237343348376956,0.012373433483769562
lexical,base,minilm_mlp,0.10756513192243669,0.1075651319224367
léxico de ódio (domínio),new,minilm_mlp,0.010988660043291886,0.010988660043291888
metadados,base,minilm_mlp,0.08502038861657446,0.08502038861657447
redes sociais,base,minilm_mlp,0.13070577584908077,0.1307057758490808
separabilidade,base,minilm_mlp,0.02150695587779289,0.021506955877792895
simples,base,minilm_mlp,0.0009022871311559235,0.0009022871311559236
teoria da informação,base,minilm_mlp,0.004556311645409574,0.004556311645409575
tipologia de minoria,new,minilm_mlp,0.014154659950405426,0.014154659950405428
tokenização (domínio),new,minilm_mlp,0.44204466067955456,0.4420446606795546
__TOTAL_NEW_SHARE__,new,minilm_mlp,0.6470839754368685,0.6470839754368686
balanceamento,base,hatebert_lr,0.030894711085340927,0.030894711085340927
complexidade,new,hatebert_lr,0.15351171502920863,0.15351171502920863
curva de aprendizado,new,hatebert_lr,0.13673367102750178,0.13673367102750178
dureza de corpus (domínio),new,hatebert_lr,0.025244649612320105,0.025244649612320105
dureza de instância,new,hatebert_lr,0.028173584534082738,0.028173584534082738
landmarker,new,hatebert_lr,0.04810549452315073,0.04810549452315073
lexical,base,hatebert_lr,0.061237884779136754,0.061237884779136754
léxico de ódio (domínio),new,hatebert_lr,0.020817928001069255,0.020817928001069255
metadados,base,hatebert_lr,0.001128665222304335,0.001128665222304335
redes sociais,base,hatebert_lr,0.12515954796601125,0.12515954796601125
separabilidade,base,hatebert_lr,0.037229927947443536,0.037229927947443536
simples,base,hatebert_lr,0.0037856197196894717,0.0037856197196894717
teoria da informação,base,hatebert_lr,0.013490906157736259,0.013490906157736259
tipologia de minoria,new,hatebert_lr,0.13700859620198425,0.13700859620198425
tokenização (domínio),new,hatebert_lr,0.17747709819301996,0.17747709819301996
__TOTAL_NEW_SHARE__,new,hatebert_lr,0.7270727371223376,0.7270727371223376
balanceamento,base,mbert_lr,0.057952267666493695,0.057952267666493695
complexidade,new,mbert_lr,0.13874545881456846,0.13874545881456846
curva de aprendizado,new,mbert_lr,0.058354196798396,0.058354196798396
dureza de corpus (domínio),new,mbert_lr,0.014054463809329266,0.014054463809329266
dureza de instância,new,mbert_lr,0.21975539838994762,0.21975539838994762
landmarker,new,mbert_lr,0.10868919513025713,0.10868919513025713
lexical,base,mbert_lr,0.03867834584446782,0.03867834584446782
léxico de ódio (domínio),new,mbert_lr,0.02689857476916169,0.02689857476916169
metadados,base,mbert_lr,0.0009150707863288653,0.0009150707863288653
redes sociais,base,mbert_lr,0.09157042179762985,0.09157042179762985
separabilidade,base,mbert_lr,0.01623340103611184,0.01623340103611184
simples,base,mbert_lr,0.0012153380933110627,0.0012153380933110627
teoria da informação,base,mbert_lr,0.032819717224368494,0.032819717224368494
tipologia de minoria,new,mbert_lr,0.12912665121465555,0.12912665121465555
tokenização (domínio),new,mbert_lr,0.06499149862497273,0.06499149862497273
__TOTAL_NEW_SHARE__,new,mbert_lr,0.7606154375512884,0.7606154375512884
balanceamento,base,best_f1,0.006479894180319627,0.006479894180319628
complexidade,new,best_f1,0.10556290744974134,0.10556290744974135
curva de aprendizado,new,best_f1,0.054443810008658965,0.05444381000865897
dureza de corpus (domínio),new,best_f1,0.015241899444912737,0.015241899444912738
dureza de instância,new,best_f1,0.084444544761412,0.08444454476141201
landmarker,new,best_f1,0.5092079528525627,0.5092079528525628
lexical,base,best_f1,0.02819200177612772,0.028192001776127722
léxico de ódio (domínio),new,best_f1,0.004852111160375267,0.004852111160375268
metadados,base,best_f1,0.0005749154222230146,0.0005749154222230148
redes sociais,base,best_f1,0.029301608982824367,0.02930160898282437
separabilidade,base,best_f1,0.03689271822478602,0.03689271822478603
simples,base,best_f1,0.005137311093092001,0.005137311093092002
teoria da informação,base,best_f1,0.017424563289129728,0.01742456328912973
tipologia de minoria,new,best_f1,0.0908773860897942,0.09087738608979422
tokenização (domínio),new,best_f1,0.01136637526404032,0.011366375264040322
__TOTAL_NEW_SHARE__,new,best_f1,0.8759969870314974,0.8759969870314975
balanceamento,base,paradigm_gap,0.0013560275151562231,0.0013560275151562231
complexidade,new,paradigm_gap,0.20224686263685343,0.20224686263685343
curva de aprendizado,new,paradigm_gap,0.01604972437328765,0.01604972437328765
dureza de corpus (domínio),new,paradigm_gap,0.006420559814465656,0.006420559814465656
dureza de instância,new,paradigm_gap,0.011493057759929726,0.011493057759929726
landmarker,new,paradigm_gap,0.03213785685882503,0.03213785685882503
lexical,base,paradigm_gap,0.13162487379991705,0.13162487379991705
léxico de ódio (domínio),new,paradigm_gap,0.014058539159518081,0.014058539159518081
metadados,base,paradigm_gap,0.012890875109641117,0.012890875109641117
redes sociais,base,paradigm_gap,0.02983560808910746,0.02983560808910746
separabilidade,base,paradigm_gap,0.006836795013852962,0.006836795013852962
simples,base,paradigm_gap,0.22142277817831194,0.22142277817831194
teoria da informação,base,paradigm_gap,0.031382415022140425,0.031382415022140425
tipologia de minoria,new,paradigm_gap,0.014460330882838844,0.014460330882838844
tokenização (domínio),new,paradigm_gap,0.26778369578615435,0.26778369578615435
__TOTAL_NEW_SHARE__,new,paradigm_gap,0.5646506272718728,0.5646506272718728
