treatment,approach,variant,n_features,mean_spearman,std_spearman,mean_auc_loss,std_auc_loss,loss_t1
AR,AR,AR,0,0.7483636363636365,0.29971780109479307,0.0021072188419707645,0.003389873889166505,0.016436240750808413
RegP|base,RegP,base,36,0.8383030303030301,0.19225630213477438,0.0010270201488943977,0.0020457956089625583,0.00678577198888179
RegP|ext,RegP,ext,82,0.8145454545454546,0.2323477889381693,0.001502909132380014,0.002540752751632623,0.01173050800482732
RegP|filt,RegP,filt,38,0.7987878787878789,0.24247371171205953,0.0013584024990535488,0.0023876878849270686,0.009855022059825634
RegP|sel,RegP,sel,36,0.8368484848484848,0.22045418736037664,0.0013174244129994198,0.0021349492525142965,0.010163629881410658
RegP|new,RegP,new,46,0.8096969696969697,0.24908896802822467,0.0015391941132915107,0.0024612241927665134,0.011449264169938215
RegP|cheap,RegP,cheap,16,0.7995151515151515,0.2326567868935313,0.0011773529937349617,0.002061186534836325,0.008807422082352861
RegR|base,RegR,base,36,0.8402857805568676,0.17246772265327262,0.0010154146721740548,0.0016952620370298906,0.0077126548058338166
RegR|ext,RegR,ext,82,0.8564189844922201,0.166487562296364,0.0011473577161050233,0.0021756366390376946,0.008159288149644998
RegR|filt,RegR,filt,38,0.8613883124743932,0.1514526100987377,0.0010147786327534532,0.0019899379157452416,0.00744576233411925
RegR|sel,RegR,sel,36,0.857258429426756,0.1782718251581916,0.0011461109388466008,0.002301187005576236,0.008028756616049584
RegR|new,RegR,new,46,0.862962963087579,0.16331582101866013,0.0011308327858253959,0.002269308912694237,0.007602173990641324
RegR|cheap,RegR,cheap,16,0.8379347818757314,0.17337568673241704,0.0010351406397229412,0.001627313788864731,0.008572205001224485
Harris|base,Harris,base,36,0.8397575757575757,0.1357577966249639,0.000955976952412152,0.001580144234428326,0.007614227290654625
Harris|ext,Harris,ext,82,0.845090909090909,0.1492453860807531,0.0009990102406339477,0.001609835732698539,0.0080696384740237
Harris|filt,Harris,filt,38,0.8397575757575758,0.1489839780241957,0.0009396537709842765,0.0015840410731755709,0.008053510663095438
Harris|sel,Harris,sel,36,0.8540606060606061,0.13765874372503803,0.0009400762245722247,0.0015794701124640272,0.007480298313406468
Harris|new,Harris,new,46,0.8383030303030301,0.17924562221944848,0.0013260495601659173,0.002263179952225425,0.01019611740947816
Harris|cheap,Harris,cheap,16,0.8419393939393939,0.1745220901011806,0.0009555939570784291,0.0016246079826084416,0.007827161720444342
