approach,variant,mean_diff_spearman,mean_diff_auc_loss,wins_spearman,ties_spearman,losses_spearman,wilcoxon_p_spearman,wilcoxon_p_auc_loss
RegP,ext,-0.02375757575757576,0.00047588898348561635,21,8,21,0.43425577033410134,0.4209099170051037
RegP,filt,-0.039515151515151524,0.0003313823501591511,17,9,24,0.09822001529763692,0.357009849322944
RegP,sel,-0.001454545454545455,0.0002904042641050217,25,11,14,0.1710858487652367,0.21460188629190957
RegP,new,-0.028606060606060614,0.0005121739643971129,20,4,26,0.7387529918452156,0.08752712680268941
RegP,cheap,-0.038787878787878795,0.00015033284484056384,17,4,29,0.06707846088869661,0.8106969968597719
RegR,ext,0.016133203935352308,0.00013194304393096854,22,11,17,0.49392588390869796,0.3811632511856291
RegR,filt,0.021102531917525383,-6.360394206015446e-07,27,6,17,0.09158609648698303,0.6191537066890378
RegR,sel,0.016972648869888106,0.00013069626667254618,23,7,20,0.40455942144353363,0.4631068149666542
RegR,new,0.02267718253071127,0.00011541811365134124,24,6,20,0.25752949158125626,0.6274460333215013
RegR,cheap,-0.0023509986811362394,1.972596754888657e-05,19,6,25,0.40722022397032875,0.6790730414946473
Harris,ext,0.00533333333333332,4.303328822179587e-05,17,11,22,0.8834049180023081,0.4838398513935682
Harris,filt,-1.6653345369377347e-17,-1.6323181427875252e-05,15,12,23,0.4815025521410322,0.7988593499960496
Harris,sel,0.014303030303030304,-1.5900727839927227e-05,26,7,17,0.0643308580375329,0.8657723749926214
Harris,new,-0.001454545454545465,0.00037007260775376544,23,8,19,0.5733444716140642,0.32806478170083675
Harris,cheap,0.002181818181818165,-3.829953337226855e-07,22,4,24,0.9433554908042601,0.9249783071207602
