dataset_id,source,slice,task,language,platform,n_instances,n_classes,minority_pct,provenance
davidson_3way,davidson,all,hate_offensive_neither_3way,en,twitter,3000,3,0.1,"HF dataset tdavidson/hate_speech_offensive (Davidson et al. 2017 Twitter dataset). hate_speech is a small minority class (~5.8%), rebalanced by undersampling offensive_language/neither."
davidson_hate_vs_not,davidson,"all, offensive+neither collapsed",hate_vs_not,en,twitter,3000,2,0.1,HF dataset tdavidson/hate_speech_offensive (Davidson et al. 2017 Twitter dataset). offensive_language+neither collapsed into not_hate_speech; hate_speech minority rebalanced to the 10% floor by undersampling.
ethos_binary,ethos,all (binary config),hate_vs_not,en,mixed,998,2,0.4339,"HF dataset iamollas/ethos (loaded directly from the cached refs/convert/parquet files: the `datasets` builder's own dataset_info schema mismatches the actual parquet columns for this repo, so pandas reads the parquet files directly, bypassing the broken schema cast). Comments sourced from YouTube and Reddit (paper); platform reported as 'mixed'."
ethos_category_gender_vs_rest,ethos,"multilabel config, gender vs rest",gender_vs_rest_among_hate,en,mixed,433,2,0.1986,"HF dataset iamollas/ethos (loaded directly from the cached refs/convert/parquet files: the `datasets` builder's own dataset_info schema mismatches the actual parquet columns for this repo, so pandas reads the parquet files directly, bypassing the broken schema cast). Comments sourced from YouTube and Reddit (paper); platform reported as 'mixed'. Restricted to the 433-row multilabel subset (all already-hateful texts); one-vs-rest over the 'gender' hate-category flag (classifies WHICH kind of hate is present, not hate-vs-not)."
ethos_category_national_origin_vs_rest,ethos,"multilabel config, national_origin vs rest",national_origin_vs_rest_among_hate,en,mixed,433,2,0.1709,"HF dataset iamollas/ethos (loaded directly from the cached refs/convert/parquet files: the `datasets` builder's own dataset_info schema mismatches the actual parquet columns for this repo, so pandas reads the parquet files directly, bypassing the broken schema cast). Comments sourced from YouTube and Reddit (paper); platform reported as 'mixed'. Restricted to the 433-row multilabel subset (all already-hateful texts); one-vs-rest over the 'national_origin' hate-category flag (classifies WHICH kind of hate is present, not hate-vs-not)."
ethos_category_race_vs_rest,ethos,"multilabel config, race vs rest",race_vs_rest_among_hate,en,mixed,433,2,0.1755,"HF dataset iamollas/ethos (loaded directly from the cached refs/convert/parquet files: the `datasets` builder's own dataset_info schema mismatches the actual parquet columns for this repo, so pandas reads the parquet files directly, bypassing the broken schema cast). Comments sourced from YouTube and Reddit (paper); platform reported as 'mixed'. Restricted to the 433-row multilabel subset (all already-hateful texts); one-vs-rest over the 'race' hate-category flag (classifies WHICH kind of hate is present, not hate-vs-not)."
ethos_category_religion_vs_rest,ethos,"multilabel config, religion vs rest",religion_vs_rest_among_hate,en,mixed,433,2,0.1871,"HF dataset iamollas/ethos (loaded directly from the cached refs/convert/parquet files: the `datasets` builder's own dataset_info schema mismatches the actual parquet columns for this repo, so pandas reads the parquet files directly, bypassing the broken schema cast). Comments sourced from YouTube and Reddit (paper); platform reported as 'mixed'. Restricted to the 433-row multilabel subset (all already-hateful texts); one-vs-rest over the 'religion' hate-category flag (classifies WHICH kind of hate is present, not hate-vs-not)."
hatebr_offensive_binary,hatebr,all splits,offensive_binary,pt,unknown,3000,2,0.4967,"HF dataset ruanchaves/hatebr (loaded via revision=refs/convert/parquet), Portuguese Instagram comments (Vargas et al. 2022); platform 'unknown' since Instagram is not one of the enumerated platform values."
hatebr_partyism_vs_rest,hatebr,"all splits, partyism sub-category vs rest",partyism_vs_rest,pt,unknown,3000,2,0.1,"HF dataset ruanchaves/hatebr (loaded via revision=refs/convert/parquet), Portuguese Instagram comments (Vargas et al. 2022); platform 'unknown' since Instagram is not one of the enumerated platform values. 'partyism' (political-affiliation-based hate) is a minority sub-category (~7.5%), rebalanced by undersampling the rest."
hatecheck_en,hatecheck,all functional test cases,hateful_vs_non_hateful,en,unknown,3000,2,0.3127,"HF dataset Paul/hatecheck (Rottger et al. HateCheck functional test suite; templated/synthetic sentences, not organic social-media text -- platform is 'unknown' by design)."
hateval_en_AG,hateval,lang=en,aggressiveness_binary,en,twitter,3000,2,0.1773,"HF dataset valeriobasile/HatEval (official SemEval-2019 Task 5 train+dev+test, found pre-cached at ~/.cache/huggingface/hub/datasets--valeriobasile--HatEval), split by `language` column. lang=en, label=AG."
hateval_en_HS,hateval,lang=en,hate_vs_not,en,twitter,3000,2,0.418,"HF dataset valeriobasile/HatEval (official SemEval-2019 Task 5 train+dev+test, found pre-cached at ~/.cache/huggingface/hub/datasets--valeriobasile--HatEval), split by `language` column. lang=en, label=HS."
hateval_en_TR,hateval,lang=en,target_range_ind_vs_gen,en,twitter,3000,2,0.1633,"HF dataset valeriobasile/HatEval (official SemEval-2019 Task 5 train+dev+test, found pre-cached at ~/.cache/huggingface/hub/datasets--valeriobasile--HatEval), split by `language` column. lang=en, label=TR."
hateval_es_AG,hateval,lang=es,aggressiveness_binary,es,twitter,3000,2,0.326,"HF dataset valeriobasile/HatEval (official SemEval-2019 Task 5 train+dev+test, found pre-cached at ~/.cache/huggingface/hub/datasets--valeriobasile--HatEval), split by `language` column. lang=es, label=AG."
hateval_es_HS,hateval,lang=es,hate_vs_not,es,twitter,3000,2,0.4147,"HF dataset valeriobasile/HatEval (official SemEval-2019 Task 5 train+dev+test, found pre-cached at ~/.cache/huggingface/hub/datasets--valeriobasile--HatEval), split by `language` column. lang=es, label=HS."
hateval_es_TR,hateval,lang=es,target_range_ind_vs_gen,es,twitter,3000,2,0.256,"HF dataset valeriobasile/HatEval (official SemEval-2019 Task 5 train+dev+test, found pre-cached at ~/.cache/huggingface/hub/datasets--valeriobasile--HatEval), split by `language` column. lang=es, label=TR."
hatewic_all,hatewic,"all, majority-voted per example",word_in_context_hateful_vs_not,en,unknown,3000,2,0.4717,"local file $TCC/hatewic/HateWiC_IndividualAnnos_with_def.csv (';'-delimited; individual annotator rows aggregated to example_id level by majority vote of binary_label; exact 0.5 ties dropped). Word-in-context hate annotation, not social-media text."
hatexplain_3way,hatexplain,"all, majority-voted label",hate_normal_offensive_3way,en,mixed,3000,3,0.285,"HF dataset Hate-speech-CNERG/hatexplain (loaded via revision=refs/convert/parquet), train+validation+test concatenated; text reconstructed by whitespace-joining `post_tokens` (lossy detokenization, no punctuation-spacing repair); label = majority vote across annotators (ties with no clear majority dropped); platform mixed gab+twitter (from id suffix)."
hatexplain_hate_vs_rest,hatexplain,"all, normal+offensive collapsed",hate_vs_rest,en,mixed,3000,2,0.309,"HF dataset Hate-speech-CNERG/hatexplain (loaded via revision=refs/convert/parquet), train+validation+test concatenated; text reconstructed by whitespace-joining `post_tokens` (lossy detokenization, no punctuation-spacing repair); label = majority vote across annotators (ties with no clear majority dropped); platform mixed gab+twitter (from id suffix)."
ihc_stg1_3way,ihc,all,implicit_explicit_not_3way,en,twitter,3000,3,0.1,"local file $TCC/implicit-hate-corpus/implicit_hate_v1_stg1_posts.tsv (cols post,class; 21480 rows); explicit_hate is a small minority class, rebalanced by undersampling not_hate/implicit_hate to reach the 10% minority floor."
ihc_stg1_binary,ihc,all,hate_vs_not,en,twitter,3000,2,0.381,"local file $TCC/implicit-hate-corpus/implicit_hate_v1_stg1_posts.tsv (cols post,class; 21480 rows); class collapsed to hate (implicit+explicit) vs not_hate."
ihc_stg1_explicit_vs_not,ihc,implicit_hate rows dropped,explicit_vs_not,en,twitter,3000,2,0.1,"local file $TCC/implicit-hate-corpus/implicit_hate_v1_stg1_posts.tsv (cols post,class; 21480 rows); implicit_hate rows dropped, explicit_hate vs not_hate; explicit_hate is a small minority, rebalanced by undersampling not_hate."
ihc_stg1_implicit_vs_not,ihc,explicit_hate rows dropped,implicit_vs_not,en,twitter,3000,2,0.348,"local file $TCC/implicit-hate-corpus/implicit_hate_v1_stg1_posts.tsv (cols post,class; 21480 rows); explicit_hate rows dropped, implicit_hate vs not_hate only."
ihc_stg2_6way,ihc,'other' category dropped,implicit_class_6way,en,twitter,3000,6,0.1063,"local file $TCC/implicit-hate-corpus/implicit_hate_v1_stg2_posts.tsv (cols post,implicit_class; 6346 rows); the 'other' category (80 rows) dropped, 6 remaining implicit categories all naturally >= 10%."
ihc_stg2_incitement_vs_rest,ihc,implicit_class=incitement vs rest,incitement_vs_rest,en,twitter,3000,2,0.2027,"local file $TCC/implicit-hate-corpus/implicit_hate_v1_stg2_posts.tsv (cols post,implicit_class; 6346 rows); one-vs-rest over the 6-way implicit category (incitement vs the other 5 categories combined, 'other' excluded)."
ihc_stg2_inferiority_vs_rest,ihc,implicit_class=inferiority vs rest,inferiority_vs_rest,en,twitter,3000,2,0.1377,"local file $TCC/implicit-hate-corpus/implicit_hate_v1_stg2_posts.tsv (cols post,implicit_class; 6346 rows); one-vs-rest over the 6-way implicit category (inferiority vs the other 5 categories combined, 'other' excluded)."
ihc_stg2_irony_vs_rest,ihc,implicit_class=irony vs rest,irony_vs_rest,en,twitter,3000,2,0.1273,"local file $TCC/implicit-hate-corpus/implicit_hate_v1_stg2_posts.tsv (cols post,implicit_class; 6346 rows); one-vs-rest over the 6-way implicit category (irony vs the other 5 categories combined, 'other' excluded)."
ihc_stg2_stereotypical_vs_rest,ihc,implicit_class=stereotypical vs rest,stereotypical_vs_rest,en,twitter,3000,2,0.181,"local file $TCC/implicit-hate-corpus/implicit_hate_v1_stg2_posts.tsv (cols post,implicit_class; 6346 rows); one-vs-rest over the 6-way implicit category (stereotypical vs the other 5 categories combined, 'other' excluded)."
ihc_stg2_threatening_vs_rest,ihc,implicit_class=threatening vs rest,threatening_vs_rest,en,twitter,3000,2,0.1063,"local file $TCC/implicit-hate-corpus/implicit_hate_v1_stg2_posts.tsv (cols post,implicit_class; 6346 rows); one-vs-rest over the 6-way implicit category (threatening vs the other 5 categories combined, 'other' excluded)."
ihc_stg2_white_grievance_vs_rest,ihc,implicit_class=white_grievance vs rest,white_grievance_vs_rest,en,twitter,3000,2,0.2453,"local file $TCC/implicit-hate-corpus/implicit_hate_v1_stg2_posts.tsv (cols post,implicit_class; 6346 rows); one-vs-rest over the 6-way implicit category (white_grievance vs the other 5 categories combined, 'other' excluded)."
ihc_target_black_vs_not,ihc,"target~=black (stg3, regex-normalized) vs stg1 not_hate",hate_target_black_vs_not,en,twitter,3000,2,0.2,"local file $TCC/implicit-hate-corpus/implicit_hate_v1_stg3_posts.tsv (cols post,target,implied_statement; 6359 rows) joined with local file $TCC/implicit-hate-corpus/implicit_hate_v1_stg1_posts.tsv (cols post,class; 21480 rows) not_hate as negatives; target free text normalized to 'black' via regex '\bblack' over the 'target' column (692 matched posts)."
ihc_target_immigrant_vs_not,ihc,"target~=immigrant (stg3, regex-normalized) vs stg1 not_hate",hate_target_immigrant_vs_not,en,twitter,3000,2,0.2,"local file $TCC/implicit-hate-corpus/implicit_hate_v1_stg3_posts.tsv (cols post,target,implied_statement; 6359 rows) joined with local file $TCC/implicit-hate-corpus/implicit_hate_v1_stg1_posts.tsv (cols post,class; 21480 rows) not_hate as negatives; target free text normalized to 'immigrant' via regex 'immigra|illegal' over the 'target' column (1016 matched posts)."
ihc_target_jewish_vs_not,ihc,"target~=jewish (stg3, regex-normalized) vs stg1 not_hate",hate_target_jewish_vs_not,en,twitter,2655,2,0.2,"local file $TCC/implicit-hate-corpus/implicit_hate_v1_stg3_posts.tsv (cols post,target,implied_statement; 6359 rows) joined with local file $TCC/implicit-hate-corpus/implicit_hate_v1_stg1_posts.tsv (cols post,class; 21480 rows) not_hate as negatives; target free text normalized to 'jewish' via regex '\bjew' over the 'target' column (531 matched posts)."
ihc_target_lgbt_vs_not,ihc,"target~=lgbt (stg3, regex-normalized) vs stg1 not_hate",hate_target_lgbt_vs_not,en,twitter,340,2,0.2,"local file $TCC/implicit-hate-corpus/implicit_hate_v1_stg3_posts.tsv (cols post,target,implied_statement; 6359 rows) joined with local file $TCC/implicit-hate-corpus/implicit_hate_v1_stg1_posts.tsv (cols post,class; 21480 rows) not_hate as negatives; target free text normalized to 'lgbt' via regex '\bgay|lesbian|lgbt|homosexual|transgender|\btrans\b' over the 'target' column (68 matched posts)."
ihc_target_muslim_vs_not,ihc,"target~=muslim (stg3, regex-normalized) vs stg1 not_hate",hate_target_muslim_vs_not,en,twitter,3000,2,0.2,"local file $TCC/implicit-hate-corpus/implicit_hate_v1_stg3_posts.tsv (cols post,target,implied_statement; 6359 rows) joined with local file $TCC/implicit-hate-corpus/implicit_hate_v1_stg1_posts.tsv (cols post,class; 21480 rows) not_hate as negatives; target free text normalized to 'muslim' via regex '\bmuslim|islamic' over the 'target' column (678 matched posts)."
mlma_ar_hate_vs_normal,mlma,lang=ar (heuristic),hateful_or_abusive_vs_normal,ar,twitter,2062,2,0.4437,"HF dataset nedjmaou/MLMA_hate_speech (Ousidhoum et al. 2019, multilingual en/fr/ar hate-speech tweets). No explicit language column in this snapshot; language assigned heuristically per tweet (Arabic-script regex -> ar, French accented-character regex -> fr, else Latin-script -> en) -- a documented heuristic with some en/fr crosstalk, not ground truth. Label collapsed from the raw multi-aspect `sentiment` field: rows containing 'hateful' or 'abusive' -> hateful_or_abusive, rows == 'normal' -> normal; purely 'offensive'/'disrespectful' rows (ambiguous middle ground) dropped."
mlma_en_hate_vs_normal,mlma,lang=en (heuristic),hateful_or_abusive_vs_normal,en,twitter,3000,2,0.313,"HF dataset nedjmaou/MLMA_hate_speech (Ousidhoum et al. 2019, multilingual en/fr/ar hate-speech tweets). No explicit language column in this snapshot; language assigned heuristically per tweet (Arabic-script regex -> ar, French accented-character regex -> fr, else Latin-script -> en) -- a documented heuristic with some en/fr crosstalk, not ground truth. Label collapsed from the raw multi-aspect `sentiment` field: rows containing 'hateful' or 'abusive' -> hateful_or_abusive, rows == 'normal' -> normal; purely 'offensive'/'disrespectful' rows (ambiguous middle ground) dropped."
mlma_fr_hate_vs_normal,mlma,lang=fr (heuristic),hateful_or_abusive_vs_normal,fr,twitter,1358,2,0.3711,"HF dataset nedjmaou/MLMA_hate_speech (Ousidhoum et al. 2019, multilingual en/fr/ar hate-speech tweets). No explicit language column in this snapshot; language assigned heuristically per tweet (Arabic-script regex -> ar, French accented-character regex -> fr, else Latin-script -> en) -- a documented heuristic with some en/fr crosstalk, not ground truth. Label collapsed from the raw multi-aspect `sentiment` field: rows containing 'hateful' or 'abusive' -> hateful_or_abusive, rows == 'normal' -> normal; purely 'offensive'/'disrespectful' rows (ambiguous middle ground) dropped."
sbic_hf_group_targeted,sbic_hf,all platforms pooled,targets_group_binary,en,mixed,3000,2,0.492,"HF dataset allenai/social_bias_frames (loaded via revision=refs/convert/parquet, since the dataset-script form is no longer supported by the `datasets` library), train+validation+test concatenated. whoTarget in {0,1} only (blank dropped); whether the post targets a specific group vs an individual/none."
sbic_hf_offensive_gab,sbic_hf,dataSource~=gab,offensive_binary,en,gab,3000,2,0.3697,"HF dataset allenai/social_bias_frames (loaded via revision=refs/convert/parquet, since the dataset-script form is no longer supported by the `datasets` library), train+validation+test concatenated. Filtered to dataSource in the gab group; offensiveYN in {0,1} only (0.5/blank ambiguous rows dropped)."
sbic_hf_offensive_reddit,sbic_hf,dataSource~=reddit,offensive_binary,en,reddit,3000,2,0.268,"HF dataset allenai/social_bias_frames (loaded via revision=refs/convert/parquet, since the dataset-script form is no longer supported by the `datasets` library), train+validation+test concatenated. Filtered to dataSource in the reddit group; offensiveYN in {0,1} only (0.5/blank ambiguous rows dropped)."
sbic_hf_offensive_stormfront,sbic_hf,dataSource~=stormfront,offensive_binary,en,stormfront,3000,2,0.336,"HF dataset allenai/social_bias_frames (loaded via revision=refs/convert/parquet, since the dataset-script form is no longer supported by the `datasets` library), train+validation+test concatenated. Filtered to dataSource in the stormfront group; offensiveYN in {0,1} only (0.5/blank ambiguous rows dropped)."
sbic_hf_offensive_twitter,sbic_hf,dataSource~=twitter,offensive_binary,en,twitter,3000,2,0.306,"HF dataset allenai/social_bias_frames (loaded via revision=refs/convert/parquet, since the dataset-script form is no longer supported by the `datasets` library), train+validation+test concatenated. Filtered to dataSource in the twitter group; offensiveYN in {0,1} only (0.5/blank ambiguous rows dropped)."
sbic_hf_sex,sbic_hf,all platforms pooled,sexual_lewd_binary,en,mixed,3000,2,0.1,"HF dataset allenai/social_bias_frames (loaded via revision=refs/convert/parquet, since the dataset-script form is no longer supported by the `datasets` library), train+validation+test concatenated. sexYN in {0,1} only (0.5/blank dropped); whether the post is sexual/lewd content."
sbic_offensive_binary,sbic,all (train+dev+test concatenated),offensive_binary,en,mixed,3000,2,0.4633,"local files ['$TCC/sbic/sbic_terms_clean_train_offall.csv', '$TCC/sbic/sbic_terms_clean_dev_offall.csv', '$TCC/sbic/sbic_terms_clean_test_offall.csv'] (cols id,text,label,...; label=offensiveYN binarized); platform is 'mixed' because the original SBIC reddit/twitter/gab/stormfront source column was not retained in this term-annotated cut."
toxic_conversations_binary,toxic_conversations,random 60k subsample of train split,toxic_binary,en,unknown,3000,2,0.1,"HF dataset SetFit/toxic_conversations (Jigsaw Unintended Bias in Toxicity Classification / Civil Comments); toxic is a ~8% minority, rebalanced by undersampling non-toxic; platform 'unknown' (web comments, not twitter/reddit/gab/stormfront)."
tweeteval_hate,tweet_eval,"config=hate, all splits",hate_vs_not,en,twitter,3000,2,0.4187,"HF dataset cardiffnlp/tweet_eval config=hate, train+validation+test concatenated."
tweeteval_offensive,tweet_eval,"config=offensive, all splits",offensive_vs_not,en,twitter,3000,2,0.3297,"HF dataset cardiffnlp/tweet_eval config=offensive, train+validation+test concatenated."
ucb_hate_binary,measuring_hate_speech,comment-level majority (hatespeech ordinal mean thresholded),hate_vs_not,en,mixed,3000,2,0.3753,"HF dataset ucberkeley-dlab/measuring-hate-speech (Kennedy et al. 2020); row-per-annotation records aggregated to comment_id level. platform column is a numeric code without a published label mapping in this snapshot's features, so it is reported as 'mixed' rather than guessed. hatespeech in {0,1,2} per annotator averaged per comment; mean>=1.0 -> hate, mean<=1/3 -> not_hate, else dropped (ambiguous)."
ucb_target_identity_5way,measuring_hate_speech,"comments with exactly one majority-flagged target category (race/religion/origin/gender/sexuality; age/disability/politics dropped, too rare)",target_identity_5way,en,mixed,3000,5,0.134,"HF dataset ucberkeley-dlab/measuring-hate-speech (Kennedy et al. 2020); row-per-annotation records aggregated to comment_id level. platform column is a numeric code without a published label mapping in this snapshot's features, so it is reported as 'mixed' rather than guessed. target_* boolean columns averaged per comment (majority >= 0.5); restricted to comments with exactly one majority-flagged identity category among race/religion/origin/gender/sexuality."
