dataset_id,group,seconds
davidson_3way,tok,4.561493861001509
davidson_3way,hl,0.0811041179986205
davidson_3way,ch,0.03129803099727724
davidson_3way,lm,1.0424829170005978
davidson_3way,cx,67.28109634299835
davidson_3way,shared_knn,0.6483920950013271
davidson_3way,ih,0.36532025699852966
davidson_3way,mt,0.0007677399989916012
davidson_3way,lc,0.20937339699958102
davidson_3way,base_balance,4.3404001189628616e-05
davidson_3way,base_text,0.060735134000424296
davidson_3way,base_mutual_info,7.793840050999279
davidson_3way,base_embedding,0.2176732180014369
davidson_3way,base_manifest,7.344002369791269e-06
davidson_hate_vs_not,tok,4.520181223000691
davidson_hate_vs_not,hl,0.07342563899874222
davidson_hate_vs_not,ch,0.03262850700048148
davidson_hate_vs_not,lm,1.0950571009998384
davidson_hate_vs_not,cx,78.71342031899985
davidson_hate_vs_not,shared_knn,0.38782645399987814
davidson_hate_vs_not,ih,0.37676731800092966
davidson_hate_vs_not,mt,0.0005406919990491588
davidson_hate_vs_not,lc,0.19620907100033946
davidson_hate_vs_not,base_balance,4.5987999328644946e-05
davidson_hate_vs_not,base_text,0.05920630699984031
davidson_hate_vs_not,base_mutual_info,7.878111387999525
davidson_hate_vs_not,base_embedding,0.17149035100010224
davidson_hate_vs_not,base_manifest,7.894999725976959e-06
ethos_binary,tok,4.188429416000872
ethos_binary,hl,0.04587318100311677
ethos_binary,ch,0.011241470001550624
ethos_binary,lm,0.3661544069982483
ethos_binary,cx,1.6146116989984876
ethos_binary,shared_knn,0.09992788800082053
ethos_binary,ih,0.10802227900057915
ethos_binary,mt,0.0005592289999185596
ethos_binary,lc,0.15419570700032637
ethos_binary,base_balance,3.9826001739129424e-05
ethos_binary,base_text,0.025678002002678113
ethos_binary,base_mutual_info,3.3375811699988844
ethos_binary,base_embedding,0.029392332999123028
ethos_binary,base_manifest,7.2639995778445154e-06
ethos_category_gender_vs_rest,tok,3.971631635999074
ethos_category_gender_vs_rest,hl,0.02817985799993039
ethos_category_gender_vs_rest,ch,0.006779055001970846
ethos_category_gender_vs_rest,lm,0.24512918700202135
ethos_category_gender_vs_rest,cx,0.3333714520013018
ethos_category_gender_vs_rest,shared_knn,0.08933062199866981
ethos_category_gender_vs_rest,ih,0.07493646199873183
ethos_category_gender_vs_rest,mt,0.0005319659976521507
ethos_category_gender_vs_rest,lc,0.18214079400058836
ethos_category_gender_vs_rest,base_balance,4.5919001422589645e-05
ethos_category_gender_vs_rest,base_text,0.013583356001618085
ethos_category_gender_vs_rest,base_mutual_info,2.0666065990008065
ethos_category_gender_vs_rest,base_embedding,0.008649750998301897
ethos_category_gender_vs_rest,base_manifest,6.812999345129356e-06
ethos_category_national_origin_vs_rest,tok,4.025160893001157
ethos_category_national_origin_vs_rest,hl,0.025271709000662668
ethos_category_national_origin_vs_rest,ch,0.005337794002116425
ethos_category_national_origin_vs_rest,lm,0.25075356399975135
ethos_category_national_origin_vs_rest,cx,0.36742416500055697
ethos_category_national_origin_vs_rest,shared_knn,0.088301326999499
ethos_category_national_origin_vs_rest,ih,0.06888468000033754
ethos_category_national_origin_vs_rest,mt,0.0005209449991525616
ethos_category_national_origin_vs_rest,lc,0.16545771999881254
ethos_category_national_origin_vs_rest,base_balance,3.7312001950340346e-05
ethos_category_national_origin_vs_rest,base_text,0.011529857001733035
ethos_category_national_origin_vs_rest,base_mutual_info,2.0946430459989642
ethos_category_national_origin_vs_rest,base_embedding,0.007283818002179032
ethos_category_national_origin_vs_rest,base_manifest,7.403999916277826e-06
ethos_category_race_vs_rest,tok,3.9467919069975324
ethos_category_race_vs_rest,hl,0.02967558199816267
ethos_category_race_vs_rest,ch,0.005936649999057408
ethos_category_race_vs_rest,lm,0.23161710800195578
ethos_category_race_vs_rest,cx,0.34529318400018383
ethos_category_race_vs_rest,shared_knn,0.09970291500212625
ethos_category_race_vs_rest,ih,0.0697832030018617
ethos_category_race_vs_rest,mt,0.0005103039984533098
ethos_category_race_vs_rest,lc,0.14826771800289862
ethos_category_race_vs_rest,base_balance,3.889499930664897e-05
ethos_category_race_vs_rest,base_text,0.01225450399942929
ethos_category_race_vs_rest,base_mutual_info,2.037713267000072
ethos_category_race_vs_rest,base_embedding,0.006221848998393398
ethos_category_race_vs_rest,base_manifest,5.109999619890004e-06
ethos_category_religion_vs_rest,tok,0.04653523600063636
ethos_category_religion_vs_rest,hl,0.020766388999618357
ethos_category_religion_vs_rest,ch,0.0049848830021801405
ethos_category_religion_vs_rest,lm,0.21293092899941257
ethos_category_religion_vs_rest,cx,0.26468044799912605
ethos_category_religion_vs_rest,shared_knn,0.0679358269990189
ethos_category_religion_vs_rest,ih,0.058726345996547025
ethos_category_religion_vs_rest,mt,0.0004249300000083167
ethos_category_religion_vs_rest,lc,0.16774943999917014
ethos_category_religion_vs_rest,base_balance,4.087900015292689e-05
ethos_category_religion_vs_rest,base_text,0.017241780999029288
ethos_category_religion_vs_rest,base_mutual_info,1.9972364779969212
ethos_category_religion_vs_rest,base_embedding,0.005963441002677428
ethos_category_religion_vs_rest,base_manifest,7.1640024543739855e-06
hatebr_offensive_binary,tok,0.38749657700100215
hatebr_offensive_binary,hl,0.044880643999931635
hatebr_offensive_binary,ch,0.021442041997943306
hatebr_offensive_binary,lm,0.9296702210012882
hatebr_offensive_binary,cx,32.78699629399853
hatebr_offensive_binary,shared_knn,0.39377749099730863
hatebr_offensive_binary,ih,0.6273742919984215
hatebr_offensive_binary,mt,0.0004809669990208931
hatebr_offensive_binary,lc,0.19987457000024733
hatebr_offensive_binary,base_balance,4.159999662078917e-05
hatebr_offensive_binary,base_text,0.05616681600076845
hatebr_offensive_binary,base_mutual_info,7.535083863000182
hatebr_offensive_binary,base_embedding,0.16398852199927205
hatebr_offensive_binary,base_manifest,7.88500256021507e-06
hatebr_partyism_vs_rest,tok,0.4328608619980514
hatebr_partyism_vs_rest,hl,0.05838900500020827
hatebr_partyism_vs_rest,ch,0.03585195200139424
hatebr_partyism_vs_rest,lm,0.9787158539984375
hatebr_partyism_vs_rest,cx,79.39702360499723
hatebr_partyism_vs_rest,shared_knn,0.33694966199982446
hatebr_partyism_vs_rest,ih,0.3636172219994478
hatebr_partyism_vs_rest,mt,0.00036005400033900514
hatebr_partyism_vs_rest,lc,0.18937451700185193
hatebr_partyism_vs_rest,base_balance,3.903499964508228e-05
hatebr_partyism_vs_rest,base_text,0.05403407600169885
hatebr_partyism_vs_rest,base_mutual_info,7.602534445999481
hatebr_partyism_vs_rest,base_embedding,0.1933169120020466
hatebr_partyism_vs_rest,base_manifest,8.055998478084803e-06
hatecheck_en,tok,0.02420605099905515
hatecheck_en,hl,0.030738348999875598
hatecheck_en,ch,0.013925104001828004
hatecheck_en,lm,0.6415507169986086
hatecheck_en,cx,30.62189306000073
hatecheck_en,shared_knn,0.3923646160001226
hatecheck_en,ih,0.615736645002471
hatecheck_en,mt,0.00044447699838201515
hatecheck_en,lc,0.1712001970008714
hatecheck_en,base_balance,3.92460024158936e-05
hatecheck_en,base_text,0.03662004099896876
hatecheck_en,base_mutual_info,7.238159800999711
hatecheck_en,base_embedding,0.16443617500044638
hatecheck_en,base_manifest,6.141999620012939e-06
hateval_en_AG,tok,1.0514100229993346
hateval_en_AG,hl,0.09879061600076966
hateval_en_AG,ch,0.03309372100193286
hateval_en_AG,lm,1.2266451569994388
hateval_en_AG,cx,45.56290759700278
hateval_en_AG,shared_knn,0.3546970899988082
hateval_en_AG,ih,0.41239319600208546
hateval_en_AG,mt,0.00043992800056003034
hateval_en_AG,lc,0.27528236800208106
hateval_en_AG,base_balance,4.3433999962871894e-05
hateval_en_AG,base_text,0.09785740799998166
hateval_en_AG,base_mutual_info,7.641209453002375
hateval_en_AG,base_embedding,0.18096021200108225
hateval_en_AG,base_manifest,8.687002264196053e-06
hateval_en_HS,tok,4.4179546870000195
hateval_en_HS,hl,0.11378950399739551
hateval_en_HS,ch,0.033795897998061264
hateval_en_HS,lm,1.7293802890017105
hateval_en_HS,cx,28.227582761999656
hateval_en_HS,shared_knn,0.39062983300027554
hateval_en_HS,ih,0.42081269200207316
hateval_en_HS,mt,0.0008469219974358566
hateval_en_HS,lc,0.2740224170011061
hateval_en_HS,base_balance,5.1109000196447596e-05
hateval_en_HS,base_text,0.09532635700088576
hateval_en_HS,base_mutual_info,7.820591993997368
hateval_en_HS,base_embedding,0.23261570899921935
hateval_en_HS,base_manifest,5.9920021158177406e-06
hateval_en_TR,tok,4.781979554001737
hateval_en_TR,hl,0.14452392899693223
hateval_en_TR,ch,0.08791849999761325
hateval_en_TR,lm,1.6673212730020168
hateval_en_TR,cx,52.796415597000305
hateval_en_TR,shared_knn,0.36002131599889253
hateval_en_TR,ih,0.38639649499964435
hateval_en_TR,mt,0.0006049549992894754
hateval_en_TR,lc,0.2437696800006961
hateval_en_TR,base_balance,4.4214997615199536e-05
hateval_en_TR,base_text,0.09523539499787148
hateval_en_TR,base_mutual_info,7.616686853998544
hateval_en_TR,base_embedding,0.17647128599855932
hateval_en_TR,base_manifest,5.6300013966392726e-06
hateval_es_AG,tok,0.6955610279983375
hateval_es_AG,hl,0.09116893200189224
hateval_es_AG,ch,0.0334180350000679
hateval_es_AG,lm,1.2082046249997802
hateval_es_AG,cx,41.59075373500309
hateval_es_AG,shared_knn,0.32518616300149006
hateval_es_AG,ih,0.3857722240027215
hateval_es_AG,mt,0.0006441719997383188
hateval_es_AG,lc,0.24517446399840992
hateval_es_AG,base_balance,3.7342000723583624e-05
hateval_es_AG,base_text,0.11018973400132381
hateval_es_AG,base_mutual_info,7.8322681070021645
hateval_es_AG,base_embedding,0.17519003100096597
hateval_es_AG,base_manifest,6.7829969339072704e-06
hateval_es_HS,tok,0.7081870120018721
hateval_es_HS,hl,0.10520751700096298
hateval_es_HS,ch,0.03426821500033839
hateval_es_HS,lm,1.2855826980012353
hateval_es_HS,cx,34.1121175570006
hateval_es_HS,shared_knn,0.32835022200015374
hateval_es_HS,ih,0.39602011800161563
hateval_es_HS,mt,0.0006114380012149923
hateval_es_HS,lc,0.24713390399847412
hateval_es_HS,base_balance,4.1860002966132015e-05
hateval_es_HS,base_text,0.09287305600082618
hateval_es_HS,base_mutual_info,8.068833788998745
hateval_es_HS,base_embedding,0.18791067100028158
hateval_es_HS,base_manifest,1.4477998774964362e-05
hateval_es_TR,tok,0.6760971200019412
hateval_es_TR,hl,0.09269890499854228
hateval_es_TR,ch,0.03228361500077881
hateval_es_TR,lm,1.1932324379995407
hateval_es_TR,cx,51.966496163000556
hateval_es_TR,shared_knn,0.33435976799955824
hateval_es_TR,ih,0.42093779200149584
hateval_es_TR,mt,0.0007101379997038748
hateval_es_TR,lc,0.39151941599993734
hateval_es_TR,base_balance,0.0001009740008157678
hateval_es_TR,base_text,0.12599714799944195
hateval_es_TR,base_mutual_info,7.454894744998455
hateval_es_TR,base_embedding,0.17852811500051757
hateval_es_TR,base_manifest,7.424001523759216e-06
hatewic_all,tok,0.7808540610021737
hatewic_all,hl,0.11510132299736142
hatewic_all,ch,0.041070276998652844
hatewic_all,lm,1.5764560530005838
hatewic_all,cx,31.7334410509975
hatewic_all,shared_knn,0.3209805589976895
hatewic_all,ih,0.6796198799966078
hatewic_all,mt,0.0006112070004746784
hatewic_all,lc,0.3200277889991412
hatewic_all,base_balance,5.2291001338744536e-05
hatewic_all,base_text,0.11607329799880972
hatewic_all,base_mutual_info,7.750274858000921
hatewic_all,base_embedding,0.16632498599938117
hatewic_all,base_manifest,9.569001122144982e-06
hatexplain_3way,tok,4.254171354001301
hatexplain_3way,hl,0.10554953400060185
hatexplain_3way,ch,0.030149528000038117
hatexplain_3way,lm,1.2415874739999708
hatexplain_3way,cx,18.217661425002007
hatexplain_3way,shared_knn,0.44363585199971567
hatexplain_3way,ih,0.3799146589990414
hatexplain_3way,mt,0.0006021099979989231
hatexplain_3way,lc,0.2387008190016786
hatexplain_3way,base_balance,4.216100205667317e-05
hatexplain_3way,base_text,0.08544551799786859
hatexplain_3way,base_mutual_info,8.715852181998343
hatexplain_3way,base_embedding,0.16162307199920178
hatexplain_3way,base_manifest,6.342001142911613e-06
hatexplain_hate_vs_rest,tok,4.49274646000049
hatexplain_hate_vs_rest,hl,0.1074548299984599
hatexplain_hate_vs_rest,ch,0.03117021499929251
hatexplain_hate_vs_rest,lm,1.309629072999087
hatexplain_hate_vs_rest,cx,36.98295628000051
hatexplain_hate_vs_rest,shared_knn,0.34718343400163576
hatexplain_hate_vs_rest,ih,0.3901753490026749
hatexplain_hate_vs_rest,mt,0.0008425129999523051
hatexplain_hate_vs_rest,lc,0.23999734300014097
hatexplain_hate_vs_rest,base_balance,4.2382001993246377e-05
hatexplain_hate_vs_rest,base_text,0.08806901500065578
hatexplain_hate_vs_rest,base_mutual_info,8.063381089999893
hatexplain_hate_vs_rest,base_embedding,0.23072866499933298
hatexplain_hate_vs_rest,base_manifest,8.29599957796745e-06
ihc_stg1_3way,tok,0.308094470998185
ihc_stg1_3way,hl,0.05820736099849455
ihc_stg1_3way,ch,0.022391862999938894
ihc_stg1_3way,lm,0.9357768230001966
ihc_stg1_3way,cx,24.97684082700289
ihc_stg1_3way,shared_knn,0.32034479600042687
ihc_stg1_3way,ih,0.4015453690008144
ihc_stg1_3way,mt,0.00041105200216406956
ihc_stg1_3way,lc,0.22672551900177496
ihc_stg1_3way,base_balance,4.769199949805625e-05
ihc_stg1_3way,base_text,0.06831143299859832
ihc_stg1_3way,base_mutual_info,8.013666622002347
ihc_stg1_3way,base_embedding,0.17850434700085316
ihc_stg1_3way,base_manifest,7.443999493261799e-06
ihc_stg1_binary,tok,0.5229971299995668
ihc_stg1_binary,hl,0.06652902899804758
ihc_stg1_binary,ch,0.02999151299809455
ihc_stg1_binary,lm,0.9139699599982123
ihc_stg1_binary,cx,32.91060706400094
ihc_stg1_binary,shared_knn,0.30638148299840395
ihc_stg1_binary,ih,0.3484272690002399
ihc_stg1_binary,mt,0.00045839300219086
ihc_stg1_binary,lc,0.19836173400108237
ihc_stg1_binary,base_balance,3.669099896796979e-05
ihc_stg1_binary,base_text,0.06458207800096716
ihc_stg1_binary,base_mutual_info,7.605411267002637
ihc_stg1_binary,base_embedding,0.16915344599692617
ihc_stg1_binary,base_manifest,6.551999831572175e-06
ihc_stg1_explicit_vs_not,tok,0.2985996970019187
ihc_stg1_explicit_vs_not,hl,0.05404202600038843
ihc_stg1_explicit_vs_not,ch,0.021325866000552196
ihc_stg1_explicit_vs_not,lm,0.903560655999172
ihc_stg1_explicit_vs_not,cx,68.68243908399745
ihc_stg1_explicit_vs_not,shared_knn,0.3327394319967425
ihc_stg1_explicit_vs_not,ih,0.39946117699946626
ihc_stg1_explicit_vs_not,mt,0.0005887740007892717
ihc_stg1_explicit_vs_not,lc,0.19486257300013676
ihc_stg1_explicit_vs_not,base_balance,4.323300163378008e-05
ihc_stg1_explicit_vs_not,base_text,0.06085535700185574
ihc_stg1_explicit_vs_not,base_mutual_info,7.6570083949991385
ihc_stg1_explicit_vs_not,base_embedding,0.1780323769999086
ihc_stg1_explicit_vs_not,base_manifest,7.714999810559675e-06
ihc_stg1_implicit_vs_not,tok,0.32946886100035044
ihc_stg1_implicit_vs_not,hl,0.06004457599919988
ihc_stg1_implicit_vs_not,ch,0.022619436000240967
ihc_stg1_implicit_vs_not,lm,0.9388130730003468
ihc_stg1_implicit_vs_not,cx,35.191716268000164
ihc_stg1_implicit_vs_not,shared_knn,0.31829055300113396
ihc_stg1_implicit_vs_not,ih,0.3656108030008909
ihc_stg1_implicit_vs_not,mt,0.0005737450010201428
ihc_stg1_implicit_vs_not,lc,0.2227683450000768
ihc_stg1_implicit_vs_not,base_balance,4.087900015292689e-05
ihc_stg1_implicit_vs_not,base_text,0.06554470999981277
ihc_stg1_implicit_vs_not,base_mutual_info,7.35374371099897
ihc_stg1_implicit_vs_not,base_embedding,0.1685218189995794
ihc_stg1_implicit_vs_not,base_manifest,5.85100133321248e-06
ihc_stg2_6way,tok,0.4549297689991363
ihc_stg2_6way,hl,0.06536628300091252
ihc_stg2_6way,ch,0.02768748399830656
ihc_stg2_6way,lm,1.052252346999012
ihc_stg2_6way,cx,15.028408774000127
ihc_stg2_6way,shared_knn,0.32614007700249203
ihc_stg2_6way,ih,0.4527881459980563
ihc_stg2_6way,mt,0.0003887489983753767
ihc_stg2_6way,lc,0.21989208399827476
ihc_stg2_6way,base_balance,3.688099968712777e-05
ihc_stg2_6way,base_text,0.06912275499780662
ihc_stg2_6way,base_mutual_info,9.881054391997168
ihc_stg2_6way,base_embedding,0.15702702300040983
ihc_stg2_6way,base_manifest,6.852998922113329e-06
ihc_stg2_incitement_vs_rest,tok,0.5194610680009646
ihc_stg2_incitement_vs_rest,hl,0.08526144599818508
ihc_stg2_incitement_vs_rest,ch,0.033756133998394944
ihc_stg2_incitement_vs_rest,lm,1.0309181970005739
ihc_stg2_incitement_vs_rest,cx,48.95653119800045
ihc_stg2_incitement_vs_rest,shared_knn,0.6116468770014762
ihc_stg2_incitement_vs_rest,ih,0.4057083229999989
ihc_stg2_incitement_vs_rest,mt,0.0006004460010444745
ihc_stg2_incitement_vs_rest,lc,0.20590008699946338
ihc_stg2_incitement_vs_rest,base_balance,5.240099926595576e-05
ihc_stg2_incitement_vs_rest,base_text,0.07006377600191627
ihc_stg2_incitement_vs_rest,base_mutual_info,7.747108103998471
ihc_stg2_incitement_vs_rest,base_embedding,0.17276035599934403
ihc_stg2_incitement_vs_rest,base_manifest,5.751000571763143e-06
ihc_stg2_inferiority_vs_rest,tok,0.4279194329974416
ihc_stg2_inferiority_vs_rest,hl,0.07269117899704725
ihc_stg2_inferiority_vs_rest,ch,0.023082227999111637
ihc_stg2_inferiority_vs_rest,lm,0.9475087889986753
ihc_stg2_inferiority_vs_rest,cx,73.6292718620025
ihc_stg2_inferiority_vs_rest,shared_knn,0.30383424400133663
ihc_stg2_inferiority_vs_rest,ih,0.4462647780019324
ihc_stg2_inferiority_vs_rest,mt,0.0003922649993910454
ihc_stg2_inferiority_vs_rest,lc,0.2269386010011658
ihc_stg2_inferiority_vs_rest,base_balance,5.607799903373234e-05
ihc_stg2_inferiority_vs_rest,base_text,0.07299258499915595
ihc_stg2_inferiority_vs_rest,base_mutual_info,7.895402128000569
ihc_stg2_inferiority_vs_rest,base_embedding,0.21462452600098914
ihc_stg2_inferiority_vs_rest,base_manifest,7.1739996201358736e-06
ihc_stg2_irony_vs_rest,tok,0.35946328199861455
ihc_stg2_irony_vs_rest,hl,0.06178392799847643
ihc_stg2_irony_vs_rest,ch,0.02174399999785237
ihc_stg2_irony_vs_rest,lm,0.9133367579997866
ihc_stg2_irony_vs_rest,cx,78.9580614789993
ihc_stg2_irony_vs_rest,shared_knn,0.3451644800006761
ihc_stg2_irony_vs_rest,ih,0.3458895920011855
ihc_stg2_irony_vs_rest,mt,0.00037397000050987117
ihc_stg2_irony_vs_rest,lc,0.20854943800077308
ihc_stg2_irony_vs_rest,base_balance,4.0607999835629016e-05
ihc_stg2_irony_vs_rest,base_text,0.06985786299992469
ihc_stg2_irony_vs_rest,base_mutual_info,7.875572388002183
ihc_stg2_irony_vs_rest,base_embedding,0.19343543500144733
ihc_stg2_irony_vs_rest,base_manifest,9.507999493507668e-06
ihc_stg2_stereotypical_vs_rest,tok,0.5694528210005956
ihc_stg2_stereotypical_vs_rest,hl,0.07309373300086008
ihc_stg2_stereotypical_vs_rest,ch,0.03210171499813441
ihc_stg2_stereotypical_vs_rest,lm,0.9768147499999031
ihc_stg2_stereotypical_vs_rest,cx,65.46640063499945
ihc_stg2_stereotypical_vs_rest,shared_knn,0.2949620940016757
ihc_stg2_stereotypical_vs_rest,ih,0.3833535000012489
ihc_stg2_stereotypical_vs_rest,mt,0.0005799370010208804
ihc_stg2_stereotypical_vs_rest,lc,0.213817077998101
ihc_stg2_stereotypical_vs_rest,base_balance,3.630999708548188e-05
ihc_stg2_stereotypical_vs_rest,base_text,0.06722184200043557
ihc_stg2_stereotypical_vs_rest,base_mutual_info,7.880885457001568
ihc_stg2_stereotypical_vs_rest,base_embedding,0.17825953899955493
ihc_stg2_stereotypical_vs_rest,base_manifest,5.560999852605164e-06
ihc_stg2_threatening_vs_rest,tok,0.43383761599761783
ihc_stg2_threatening_vs_rest,hl,0.06770148700161371
ihc_stg2_threatening_vs_rest,ch,0.02726839699971606
ihc_stg2_threatening_vs_rest,lm,1.0645394419989316
ihc_stg2_threatening_vs_rest,cx,83.60756734399911
ihc_stg2_threatening_vs_rest,shared_knn,0.665308431001904
ihc_stg2_threatening_vs_rest,ih,0.4322554050013423
ihc_stg2_threatening_vs_rest,mt,0.0005900249998376239
ihc_stg2_threatening_vs_rest,lc,0.207562075000169
ihc_stg2_threatening_vs_rest,base_balance,3.7461999454535544e-05
ihc_stg2_threatening_vs_rest,base_text,0.06995816500057117
ihc_stg2_threatening_vs_rest,base_mutual_info,7.7973514330005855
ihc_stg2_threatening_vs_rest,base_embedding,0.17355005799981882
ihc_stg2_threatening_vs_rest,base_manifest,6.42200029687956e-06
ihc_stg2_white_grievance_vs_rest,tok,0.4743676129983214
ihc_stg2_white_grievance_vs_rest,hl,0.06582419000187656
ihc_stg2_white_grievance_vs_rest,ch,0.023423623002599925
ihc_stg2_white_grievance_vs_rest,lm,0.9467959460016573
ihc_stg2_white_grievance_vs_rest,cx,34.63275103200067
ihc_stg2_white_grievance_vs_rest,shared_knn,0.3085402939977939
ihc_stg2_white_grievance_vs_rest,ih,0.40960084299877053
ihc_stg2_white_grievance_vs_rest,mt,0.00040387699846178293
ihc_stg2_white_grievance_vs_rest,lc,0.2045888280008512
ihc_stg2_white_grievance_vs_rest,base_balance,3.6961999285267666e-05
ihc_stg2_white_grievance_vs_rest,base_text,0.06803526899966528
ihc_stg2_white_grievance_vs_rest,base_mutual_info,8.069063037000888
ihc_stg2_white_grievance_vs_rest,base_embedding,0.1719359689996054
ihc_stg2_white_grievance_vs_rest,base_manifest,5.369998689275235e-06
ihc_target_black_vs_not,tok,0.31525270599740907
ihc_target_black_vs_not,hl,0.05792215999827022
ihc_target_black_vs_not,ch,0.02417612100180122
ihc_target_black_vs_not,lm,0.9379241099995852
ihc_target_black_vs_not,cx,47.44137452200084
ihc_target_black_vs_not,shared_knn,0.32174771999780205
ihc_target_black_vs_not,ih,0.4061766529994202
ihc_target_black_vs_not,mt,0.0004238260007696226
ihc_target_black_vs_not,lc,0.23909224800081574
ihc_target_black_vs_not,base_balance,4.194999928586185e-05
ihc_target_black_vs_not,base_text,0.06474891000107164
ihc_target_black_vs_not,base_mutual_info,7.721686439999758
ihc_target_black_vs_not,base_embedding,0.17815893700026209
ihc_target_black_vs_not,base_manifest,5.951002094661817e-06
ihc_target_immigrant_vs_not,tok,0.687808140002744
ihc_target_immigrant_vs_not,hl,0.06669900199995027
ihc_target_immigrant_vs_not,ch,0.02204345599966473
ihc_target_immigrant_vs_not,lm,0.9107912270010274
ihc_target_immigrant_vs_not,cx,65.31201193499874
ihc_target_immigrant_vs_not,shared_knn,0.30740277400036575
ihc_target_immigrant_vs_not,ih,0.44507154600069043
ihc_target_immigrant_vs_not,mt,0.0005470329997478984
ihc_target_immigrant_vs_not,lc,0.19981452699721558
ihc_target_immigrant_vs_not,base_balance,3.734199708560482e-05
ihc_target_immigrant_vs_not,base_text,0.06311089199880371
ihc_target_immigrant_vs_not,base_mutual_info,8.04590347300109
ihc_target_immigrant_vs_not,base_embedding,0.16663087499910034
ihc_target_immigrant_vs_not,base_manifest,7.995000487426296e-06
ihc_target_jewish_vs_not,tok,0.3998916820019076
ihc_target_jewish_vs_not,hl,0.0509192939971399
ihc_target_jewish_vs_not,ch,0.01950900700103375
ihc_target_jewish_vs_not,lm,0.8378380639987881
ihc_target_jewish_vs_not,cx,38.004054844001075
ihc_target_jewish_vs_not,shared_knn,0.2682769860002736
ihc_target_jewish_vs_not,ih,0.3419434759998694
ihc_target_jewish_vs_not,mt,0.0005573229973379057
ihc_target_jewish_vs_not,lc,0.24736699900313397
ihc_target_jewish_vs_not,base_balance,3.5588000173447654e-05
ihc_target_jewish_vs_not,base_text,0.056069264999678126
ihc_target_jewish_vs_not,base_mutual_info,6.550700414998573
ihc_target_jewish_vs_not,base_embedding,0.15284225899813464
ihc_target_jewish_vs_not,base_manifest,7.054000889183953e-06
ihc_target_lgbt_vs_not,tok,0.02638166600081604
ihc_target_lgbt_vs_not,hl,0.00708966800084454
ihc_target_lgbt_vs_not,ch,0.0034953690010297578
ihc_target_lgbt_vs_not,lm,0.1630293089983752
ihc_target_lgbt_vs_not,cx,0.15588404400114086
ihc_target_lgbt_vs_not,shared_knn,0.06192118099716026
ihc_target_lgbt_vs_not,ih,0.05284928699984448
ihc_target_lgbt_vs_not,mt,0.00028813500102842227
ihc_target_lgbt_vs_not,lc,0.12498698499985039
ihc_target_lgbt_vs_not,base_balance,3.28840033034794e-05
ihc_target_lgbt_vs_not,base_text,0.007574901999760186
ihc_target_lgbt_vs_not,base_mutual_info,1.615548106998176
ihc_target_lgbt_vs_not,base_embedding,0.004661072998715099
ihc_target_lgbt_vs_not,base_manifest,4.66900019091554e-06
ihc_target_muslim_vs_not,tok,0.6449276300008933
ihc_target_muslim_vs_not,hl,0.05691741700138664
ihc_target_muslim_vs_not,ch,0.021914285000093514
ihc_target_muslim_vs_not,lm,0.9664183479981148
ihc_target_muslim_vs_not,cx,65.3322527929995
ihc_target_muslim_vs_not,shared_knn,0.30162527399807004
ihc_target_muslim_vs_not,ih,0.45360539899775176
ihc_target_muslim_vs_not,mt,0.0004035560014017392
ihc_target_muslim_vs_not,lc,0.2386366300015652
ihc_target_muslim_vs_not,base_balance,3.7482001062016934e-05
ihc_target_muslim_vs_not,base_text,0.06268926600023406
ihc_target_muslim_vs_not,base_mutual_info,7.98481435299982
ihc_target_muslim_vs_not,base_embedding,0.1772301890014205
ihc_target_muslim_vs_not,base_manifest,6.924001354491338e-06
mlma_ar_hate_vs_normal,tok,0.8745253160013817
mlma_ar_hate_vs_normal,hl,0.036351555998408
mlma_ar_hate_vs_normal,ch,0.01781423200009158
mlma_ar_hate_vs_normal,lm,0.611156694998499
mlma_ar_hate_vs_normal,cx,12.725567718000093
mlma_ar_hate_vs_normal,shared_knn,0.2143590910018247
mlma_ar_hate_vs_normal,ih,0.26138851499854354
mlma_ar_hate_vs_normal,mt,0.00037853899993933737
mlma_ar_hate_vs_normal,lc,0.17729800300003262
mlma_ar_hate_vs_normal,base_balance,3.5467997804516926e-05
mlma_ar_hate_vs_normal,base_text,0.0496669620006287
mlma_ar_hate_vs_normal,base_mutual_info,5.320337840999855
mlma_ar_hate_vs_normal,base_embedding,0.08405152300110785
mlma_ar_hate_vs_normal,base_manifest,6.412003131117672e-06
mlma_en_hate_vs_normal,tok,0.44218182299664477
mlma_en_hate_vs_normal,hl,0.046991883998998674
mlma_en_hate_vs_normal,ch,0.01933488800204941
mlma_en_hate_vs_normal,lm,0.88192159800019
mlma_en_hate_vs_normal,cx,40.56740085899946
mlma_en_hate_vs_normal,shared_knn,0.26894529000128387
mlma_en_hate_vs_normal,ih,0.3845480219970341
mlma_en_hate_vs_normal,mt,0.00041830500049400143
mlma_en_hate_vs_normal,lc,0.20254087399735
mlma_en_hate_vs_normal,base_balance,4.1790000977925956e-05
mlma_en_hate_vs_normal,base_text,0.05044877700129291
mlma_en_hate_vs_normal,base_mutual_info,7.838639352998143
mlma_en_hate_vs_normal,base_embedding,0.1684975360003591
mlma_en_hate_vs_normal,base_manifest,5.341000360203907e-06
mlma_fr_hate_vs_normal,tok,0.08037861599950702
mlma_fr_hate_vs_normal,hl,0.03748775799977011
mlma_fr_hate_vs_normal,ch,0.013033006001933245
mlma_fr_hate_vs_normal,lm,0.3906764419989486
mlma_fr_hate_vs_normal,cx,3.0803237770014675
mlma_fr_hate_vs_normal,shared_knn,0.10733585200068774
mlma_fr_hate_vs_normal,ih,0.1413452730012068
mlma_fr_hate_vs_normal,mt,0.00047924300088197924
mlma_fr_hate_vs_normal,lc,0.18368672200085712
mlma_fr_hate_vs_normal,base_balance,3.460699736024253e-05
mlma_fr_hate_vs_normal,base_text,0.034190388996648835
mlma_fr_hate_vs_normal,base_mutual_info,3.887582425999426
mlma_fr_hate_vs_normal,base_embedding,0.03909403699799441
mlma_fr_hate_vs_normal,base_manifest,7.1639988163951784e-06
sbic_hf_group_targeted,tok,0.44475984199743834
sbic_hf_group_targeted,hl,0.08295316700241528
sbic_hf_group_targeted,ch,0.02744360400174628
sbic_hf_group_targeted,lm,1.0534756270026264
sbic_hf_group_targeted,cx,35.46889393699894
sbic_hf_group_targeted,shared_knn,0.32292027799849166
sbic_hf_group_targeted,ih,0.4422171869991871
sbic_hf_group_targeted,mt,0.0007295340001292061
sbic_hf_group_targeted,lc,0.40047570500246366
sbic_hf_group_targeted,base_balance,4.259200068190694e-05
sbic_hf_group_targeted,base_text,0.0978756130025431
sbic_hf_group_targeted,base_mutual_info,8.158770328998799
sbic_hf_group_targeted,base_embedding,0.1678402930010634
sbic_hf_group_targeted,base_manifest,6.693000614177436e-06
sbic_hf_offensive_gab,tok,1.0308018399991852
sbic_hf_offensive_gab,hl,0.0972817829970154
sbic_hf_offensive_gab,ch,0.03389540100033628
sbic_hf_offensive_gab,lm,1.2791471489981632
sbic_hf_offensive_gab,cx,36.718728058000124
sbic_hf_offensive_gab,shared_knn,0.6149944460012193
sbic_hf_offensive_gab,ih,0.3850266359986563
sbic_hf_offensive_gab,mt,0.00045960399802424945
sbic_hf_offensive_gab,lc,0.2748197560031258
sbic_hf_offensive_gab,base_balance,3.8763999327784404e-05
sbic_hf_offensive_gab,base_text,0.09971243399922969
sbic_hf_offensive_gab,base_mutual_info,8.282370330001868
sbic_hf_offensive_gab,base_embedding,0.15676963200166938
sbic_hf_offensive_gab,base_manifest,5.83099972573109e-06
sbic_hf_offensive_reddit,tok,0.6713047199991706
sbic_hf_offensive_reddit,hl,0.08010011000078521
sbic_hf_offensive_reddit,ch,0.026328371997806244
sbic_hf_offensive_reddit,lm,1.0145782709987543
sbic_hf_offensive_reddit,cx,36.84278737099885
sbic_hf_offensive_reddit,shared_knn,0.33074360599857755
sbic_hf_offensive_reddit,ih,0.394398803000513
sbic_hf_offensive_reddit,mt,0.0006135399999038782
sbic_hf_offensive_reddit,lc,0.22196789599911426
sbic_hf_offensive_reddit,base_balance,4.027799877803773e-05
sbic_hf_offensive_reddit,base_text,0.07713127800161601
sbic_hf_offensive_reddit,base_mutual_info,7.412181820000114
sbic_hf_offensive_reddit,base_embedding,0.1976488669970422
sbic_hf_offensive_reddit,base_manifest,6.702997779939324e-06
sbic_hf_offensive_stormfront,tok,0.4604733909982315
sbic_hf_offensive_stormfront,hl,0.0912360729998909
sbic_hf_offensive_stormfront,ch,0.2070699420000892
sbic_hf_offensive_stormfront,lm,1.433963468996808
sbic_hf_offensive_stormfront,cx,46.49463868900057
sbic_hf_offensive_stormfront,shared_knn,0.3176279819999763
sbic_hf_offensive_stormfront,ih,0.37216765400080476
sbic_hf_offensive_stormfront,mt,0.0006178690018714406
sbic_hf_offensive_stormfront,lc,0.22768999300024007
sbic_hf_offensive_stormfront,base_balance,3.704199843923561e-05
sbic_hf_offensive_stormfront,base_text,0.0865670310013229
sbic_hf_offensive_stormfront,base_mutual_info,7.8263387699989835
sbic_hf_offensive_stormfront,base_embedding,0.1945637370008626
sbic_hf_offensive_stormfront,base_manifest,5.4010015446692705e-06
sbic_hf_offensive_twitter,tok,0.9849697970021225
sbic_hf_offensive_twitter,hl,0.08438593699975172
sbic_hf_offensive_twitter,ch,0.025626495000324212
sbic_hf_offensive_twitter,lm,1.1103698469996743
sbic_hf_offensive_twitter,cx,38.29707360199973
sbic_hf_offensive_twitter,shared_knn,0.3253518509991409
sbic_hf_offensive_twitter,ih,0.4110184119999758
sbic_hf_offensive_twitter,mt,0.0005837829994561616
sbic_hf_offensive_twitter,lc,0.22189834699747735
sbic_hf_offensive_twitter,base_balance,4.6459001168841496e-05
sbic_hf_offensive_twitter,base_text,0.10325853700123844
sbic_hf_offensive_twitter,base_mutual_info,7.887348755000858
sbic_hf_offensive_twitter,base_embedding,0.1770553669994115
sbic_hf_offensive_twitter,base_manifest,6.8830013333354145e-06
sbic_hf_sex,tok,0.7416396750013519
sbic_hf_sex,hl,0.09295696099798079
sbic_hf_sex,ch,0.02684636199774104
sbic_hf_sex,lm,1.134917414001393
sbic_hf_sex,cx,70.21478434599703
sbic_hf_sex,shared_knn,0.6424320059995807
sbic_hf_sex,ih,0.3647403340000892
sbic_hf_sex,mt,0.0003707629985001404
sbic_hf_sex,lc,0.21619535699937842
sbic_hf_sex,base_balance,3.946599827031605e-05
sbic_hf_sex,base_text,0.07943673300178489
sbic_hf_sex,base_mutual_info,7.135463526999956
sbic_hf_sex,base_embedding,0.1640843909990508
sbic_hf_sex,base_manifest,7.0739988586865366e-06
sbic_offensive_binary,tok,0.6344654670028831
sbic_offensive_binary,hl,0.08610787600264302
sbic_offensive_binary,ch,0.031125954999879468
sbic_offensive_binary,lm,1.121802737001417
sbic_offensive_binary,cx,34.256487080001534
sbic_offensive_binary,shared_knn,0.3029527729995607
sbic_offensive_binary,ih,0.37246317799872486
sbic_offensive_binary,mt,0.0006568839999090414
sbic_offensive_binary,lc,0.236117562999425
sbic_offensive_binary,base_balance,3.811300121014938e-05
sbic_offensive_binary,base_text,0.07986762200016528
sbic_offensive_binary,base_mutual_info,7.702020977001666
sbic_offensive_binary,base_embedding,0.18086231099732686
sbic_offensive_binary,base_manifest,6.361999112414196e-06
toxic_conversations_binary,tok,1.2498702550001326
toxic_conversations_binary,hl,0.23016491800080985
toxic_conversations_binary,ch,0.06545445200026734
toxic_conversations_binary,lm,2.0320962510013487
toxic_conversations_binary,cx,70.64131443299993
toxic_conversations_binary,shared_knn,0.4321136809994641
toxic_conversations_binary,ih,0.4470927539987315
toxic_conversations_binary,mt,0.0007445830015058164
toxic_conversations_binary,lc,0.3653938339994056
toxic_conversations_binary,base_balance,3.742199987755157e-05
toxic_conversations_binary,base_text,0.1912096259984537
toxic_conversations_binary,base_mutual_info,7.424436457000411
toxic_conversations_binary,base_embedding,0.15886914600196178
toxic_conversations_binary,base_manifest,6.021997251082212e-06
tweeteval_hate,tok,0.7591721419994428
tweeteval_hate,hl,0.08970821199909551
tweeteval_hate,ch,0.03216438999879756
tweeteval_hate,lm,1.1800358159998723
tweeteval_hate,cx,27.474422355997376
tweeteval_hate,shared_knn,0.3667925910012855
tweeteval_hate,ih,0.4525985820000642
tweeteval_hate,mt,0.0004955639997206163
tweeteval_hate,lc,0.26736239599995315
tweeteval_hate,base_balance,4.351299867266789e-05
tweeteval_hate,base_text,0.0991593010003271
tweeteval_hate,base_mutual_info,8.025314978996903
tweeteval_hate,base_embedding,0.16538905900233658
tweeteval_hate,base_manifest,6.231999577721581e-06
tweeteval_offensive,tok,0.5442278020018421
tweeteval_offensive,hl,0.09167890100070508
tweeteval_offensive,ch,0.03138736599794356
tweeteval_offensive,lm,1.376085181000235
tweeteval_offensive,cx,37.092129016997205
tweeteval_offensive,shared_knn,0.2767073300019547
tweeteval_offensive,ih,0.35276190700096777
tweeteval_offensive,mt,0.00041247400076827034
tweeteval_offensive,lc,0.21785749600167037
tweeteval_offensive,base_balance,3.540800025803037e-05
tweeteval_offensive,base_text,0.08727798600011738
tweeteval_offensive,base_mutual_info,6.673009412999818
tweeteval_offensive,base_embedding,0.13887066100141965
tweeteval_offensive,base_manifest,6.592999852728099e-06
ucb_hate_binary,tok,1.1446549050015165
ucb_hate_binary,hl,0.11005852000016603
ucb_hate_binary,ch,0.04261051800131099
ucb_hate_binary,lm,1.3333927710009448
ucb_hate_binary,cx,33.49205489000087
ucb_hate_binary,shared_knn,0.2884450339988689
ucb_hate_binary,ih,0.34705199000018183
ucb_hate_binary,mt,0.0004212099993310403
ucb_hate_binary,lc,0.22896204099743045
ucb_hate_binary,base_balance,3.5418001061771065e-05
ucb_hate_binary,base_text,0.09402031699937652
ucb_hate_binary,base_mutual_info,7.136490930999571
ucb_hate_binary,base_embedding,0.14657544399960898
ucb_hate_binary,base_manifest,5.841000529471785e-06
ucb_target_identity_5way,tok,0.9514866019999317
ucb_target_identity_5way,hl,0.10859512300157803
ucb_target_identity_5way,ch,0.04044140399855678
ucb_target_identity_5way,lm,1.305254884999158
ucb_target_identity_5way,cx,27.034467712997866
ucb_target_identity_5way,shared_knn,0.3735249770033988
ucb_target_identity_5way,ih,0.49295222900036606
ucb_target_identity_5way,mt,0.00037066300137666985
ucb_target_identity_5way,lc,0.24934070000017527
ucb_target_identity_5way,base_balance,4.372400144347921e-05
ucb_target_identity_5way,base_text,0.09617931399770896
ucb_target_identity_5way,base_mutual_info,8.859009994001099
ucb_target_identity_5way,base_embedding,0.14069732000280055
ucb_target_identity_5way,base_manifest,5.149999196873978e-06
