dataset_id,tfidf_word_lr,tfidf_char_svm,tfidf_nb,svd_rf,svd_histgb,svd_knn,minilm_lr,minilm_mlp,hatebert_lr,mbert_lr
davidson_3way,0.7228622181588134,0.7232466889782334,0.6092840724429612,0.6133403620303776,0.601756063523668,0.5751674191022279,0.6293332961504763,0.687557521638176,0.6146503434816684,0.5508286683163253
davidson_hate_vs_not,0.7137778156097319,0.7339097196818715,0.5975120581134523,0.5721835790161819,0.5574166961365019,0.5967046068343397,0.6479520526753882,0.6709667377307589,0.6190074131431651,0.6155887283401095
ethos_binary,0.6705491306490339,0.6588479410511758,0.6592186204038648,0.6297268869074433,0.6015394041215443,0.566041527490713,0.71239342246331,0.7575159344113602,0.7647246211259722,0.6454576995203677
ethos_category_gender_vs_rest,0.7716527814209839,0.7787982670573071,0.7229862682379361,0.6576985015932384,0.6051210407103568,0.6643807018823698,0.8354149567506568,0.8674348689962084,0.8055080631199782,0.7816332043229737
ethos_category_national_origin_vs_rest,0.6430423305354812,0.7333963894490211,0.5590444495174676,0.5179915400684887,0.5068663931005704,0.5319268538479065,0.8729506459504929,0.8924719480746909,0.7468050167362512,0.7301721967839401
ethos_category_race_vs_rest,0.7935500730599353,0.8317305310095504,0.7019382788813214,0.64200756000756,0.6547011322011322,0.6418426290892044,0.9005329632983615,0.9124604869768176,0.8349634803604735,0.7027252171994833
ethos_category_religion_vs_rest,0.7963993828020314,0.8505463665338802,0.7456632809091353,0.6600014305277464,0.6307347331031542,0.645234262743996,0.925509320983702,0.9168494442224084,0.8642462321425493,0.8316227124541774
hatebr_offensive_binary,0.8043066261672671,0.8515510024870793,0.8139585589190318,0.7638109609976451,0.7788636104559485,0.753893843739637,0.7532369596333105,0.7848715538960503,0.7301630081520447,0.7418631764034161
hatebr_partyism_vs_rest,0.7711023995017482,0.8286515151323226,0.6347866983481554,0.6119223578950432,0.6110131614794112,0.6306990605756033,0.6781947917810853,0.7332425673999255,0.6639427814769413,0.6942571181584061
hatecheck_en,0.9367298157238263,0.9851092906431024,0.8989398366368169,0.9182826519507093,0.9207971039155172,0.85734618976095,0.9556011462847354,0.9878482189780824,0.9784340857034136,0.9441506118226627
hateval_en_AG,0.6554668499574842,0.654812083673551,0.5579066210607099,0.5665032805385088,0.5354745543184507,0.5834030452185346,0.6206012412069083,0.6235201328532753,0.6201057820786668,0.6079422588372766
hateval_en_HS,0.716383305730514,0.7198355512357488,0.7042034422916646,0.6829747573886447,0.6900055709197314,0.6784652332545243,0.7076257327215252,0.7182082485199281,0.6885768039124641,0.6508845456515698
hateval_en_TR,0.7616092683523176,0.741183625846606,0.6802654917506773,0.7194060978065862,0.6870675739808069,0.6892167671713676,0.7252989894282134,0.7459580951251689,0.7015363118832074,0.6884572249281111
hateval_es_AG,0.7756515020203115,0.7418379651691545,0.7644362141405624,0.7505959903425814,0.746074273891148,0.745298006399051,0.6710529629724862,0.7063697493235557,0.6749341158349409,0.6398630415168758
hateval_es_HS,0.781804122751951,0.7658981231351636,0.7748961661605234,0.7331097071276742,0.7374799888028246,0.7366394244571122,0.6796423900039044,0.6891092196290748,0.6323153786902103,0.6685333067993977
hateval_es_TR,0.8447027368031146,0.8229293164532626,0.8216141177806466,0.8153712269182473,0.8201582912766483,0.8242062322344805,0.7272294183420185,0.7657174627816882,0.7051510331392093,0.7132718506977758
hatewic_all,0.6668117307394155,0.6787713841703902,0.6723785135834693,0.6243345077132457,0.613468569316097,0.5939093028569952,0.6986328312956436,0.7051741741840816,0.6908599165899949,0.6522354535397333
hatexplain_3way,0.6086378532778789,0.594665429613987,0.5718648694135697,0.541113580068396,0.5477354459038509,0.5008744239602763,0.577497524390951,0.5809867740196688,0.5353422633741413,0.4941754338583276
hatexplain_hate_vs_rest,0.7854725828830033,0.7820973941386735,0.666485166962656,0.7188973584506144,0.7151552270071039,0.6684770206498618,0.7586092409020184,0.7778541097333906,0.7220353422849513,0.6810904315532191
ihc_stg1_3way,0.5161734912881576,0.5175694807592934,0.4949055995012658,0.39276728889281654,0.3984984389198362,0.4307863555157678,0.49475106420214116,0.5341813592163727,0.49537487689077214,0.45260426298063433
ihc_stg1_binary,0.6819469838821142,0.6805023102375938,0.6793847083441368,0.6365877388772432,0.6205922206016382,0.6069927175463301,0.6666200494336975,0.6824856451438837,0.6550463252169167,0.6383904467824207
ihc_stg1_explicit_vs_not,0.6784046877237774,0.6924783995298232,0.5668642172933657,0.5230771147497004,0.5296992551726206,0.55353286425146,0.6478809790378292,0.6933613281318636,0.6616265519464916,0.6206955758801359
ihc_stg1_implicit_vs_not,0.67201194165177,0.6805487681802191,0.641399307413204,0.6040267831440413,0.5859020184934074,0.5970694033748625,0.6509620306762166,0.6672650851865229,0.654745764186049,0.6350930906904936
ihc_stg2_6way,0.5233296450252491,0.5419625167733332,0.5068115078265123,0.4434367387545427,0.4652603483519096,0.4181246987047458,0.4705700928033176,0.5296118579814475,0.47819463901806314,0.4473673265214999
ihc_stg2_incitement_vs_rest,0.7002499504293772,0.7064035887503022,0.6301711281499416,0.594083001141947,0.5781720687826413,0.6186468085018173,0.6535221228331953,0.7216324853697963,0.6416699816034563,0.6372599210846772
ihc_stg2_inferiority_vs_rest,0.6578859891492821,0.6876800109953566,0.5451826406101031,0.5337824195984252,0.5089374036856781,0.5215272979480001,0.6675683249056387,0.7093573727929867,0.6698875620439232,0.6260579821285732
ihc_stg2_irony_vs_rest,0.7070925122614062,0.7043804164605518,0.6150425972829675,0.6330044742234902,0.6221110705299246,0.6376368072163844,0.6537840506655078,0.7225681216120204,0.6725543634804517,0.6250717780370844
ihc_stg2_stereotypical_vs_rest,0.7189765089546557,0.7121798946182885,0.6253023868243444,0.6062302404146129,0.611697349188043,0.6282989423473591,0.6885555384991389,0.7216112853730963,0.6824173538528633,0.6622868864317462
ihc_stg2_threatening_vs_rest,0.7484013870537474,0.7599153138350061,0.6443034801571597,0.6706499876319155,0.6321485651962446,0.6725249945499139,0.7425627715678182,0.7610967181601707,0.7615427957722334,0.7269918545253234
ihc_stg2_white_grievance_vs_rest,0.7312140684302587,0.7422957718630787,0.6809561231693599,0.7095971647011725,0.707189597334059,0.6876237385111076,0.7240741615907978,0.744397010547716,0.6913126952690603,0.668749826824435
ihc_target_black_vs_not,0.8225422973009143,0.8385982602951575,0.7125194758791327,0.7389338355223781,0.73398429031745,0.6933476019515963,0.794385566255048,0.8277447330179072,0.7524914701046994,0.7256044771464797
ihc_target_immigrant_vs_not,0.835162334262896,0.894286168966223,0.8189493489540615,0.7675963299123227,0.7702863463368202,0.7464383752284591,0.8386367141151865,0.8871196331677155,0.8211656061427701,0.8038352545231383
ihc_target_jewish_vs_not,0.9045240435300714,0.9033606113742934,0.7575273568313349,0.8039896671226703,0.8265138554961233,0.7169710590552942,0.871226490503801,0.9087885983654245,0.8562940582120875,0.8198203745929643
ihc_target_lgbt_vs_not,0.7163869226323853,0.7472801777313605,0.6158888730632056,0.5388100662171192,0.599355500821018,0.5763167502429467,0.9099805749805749,0.9051325526325525,0.8060372864382298,0.7285236744112116
ihc_target_muslim_vs_not,0.8640282450269284,0.8879942978881017,0.7809356538219342,0.753547050513564,0.7605248462013577,0.7203873685199155,0.8604610310681258,0.8812349138298453,0.8026318835108734,0.7972454573671235
mlma_ar_hate_vs_normal,0.7700273484891895,0.7691500079554306,0.761190349023378,0.7640245333800445,0.7508372508726534,0.7032795253471879,0.6930676798888368,0.6850208946502168,0.6926277991514961,0.6742340316719753
mlma_en_hate_vs_normal,0.6671470920542386,0.7094142118237831,0.6077654799292433,0.6167167667604995,0.5801243907547905,0.5931685683739899,0.6217096323642272,0.714995071648759,0.5686341156978687,0.5735813015374883
mlma_fr_hate_vs_normal,0.6239492236211388,0.5678651362470364,0.5847101649934807,0.5956654952533895,0.5849180701310427,0.5740850654072951,0.5570932529945576,0.5666896595529186,0.5681752626108274,0.5659254949896301
sbic_hf_group_targeted,0.6996358136496781,0.676066596997714,0.6969194621437368,0.6587565773713818,0.6597311221707332,0.6460073538044321,0.7009373412782635,0.718049048730357,0.6570879482383687,0.652457373102861
sbic_hf_offensive_gab,0.6637196968817666,0.6960245507695753,0.6428103133401384,0.5570958576161723,0.5591466089668077,0.5663910941891204,0.7231803295459115,0.7295057201172539,0.6814973157081543,0.6561226736363401
sbic_hf_offensive_reddit,0.6830620787136614,0.6821272909277398,0.6464977694826287,0.6481765732242059,0.6051590515362854,0.5997476786270065,0.6742086471004056,0.680518120044567,0.6678583426133968,0.649139284073214
sbic_hf_offensive_stormfront,0.7279718603683534,0.7392065507700434,0.6562816999467144,0.6731418392193277,0.6764055289975974,0.6064289301701659,0.7573281578855474,0.7654727656145464,0.7169230788147077,0.7097056837564213
sbic_hf_offensive_twitter,0.7369551367003033,0.7258203801111782,0.6839079124381542,0.6844275801202445,0.653309514193549,0.6407235496038108,0.7292122485061193,0.72534656022871,0.7030872639020805,0.6511415856840289
sbic_hf_sex,0.7058464399331796,0.7030511811385299,0.5366227334494844,0.5289066209603526,0.5355052745945595,0.5537937507273185,0.7078324576889858,0.7515452276367938,0.7090991875376564,0.6287209533895279
sbic_offensive_binary,0.719756614957935,0.7288589593180352,0.7218181672732155,0.671607356058959,0.6751275147916325,0.6526169494114028,0.7424686809809398,0.7478586631609996,0.7149378426077545,0.6975351702368981
toxic_conversations_binary,0.6420090947979806,0.6715849964988925,0.49231458482907053,0.4834180543927885,0.48002449967348193,0.49791690882426787,0.6346883582137137,0.6820011552771887,0.6418211091440063,0.6102164956485362
tweeteval_hate,0.7071563550591784,0.7058372992539486,0.6905708911147798,0.66574344823026,0.6674469584166222,0.6475436067095324,0.6943668254622274,0.7229575592208161,0.6775052561576651,0.6464662157480487
tweeteval_offensive,0.6550597148577715,0.6774434609608282,0.5834413266899079,0.5660574917140366,0.5730970831285566,0.5485306644431882,0.6910975117089294,0.6960677587164181,0.6610374302254332,0.6398401485580452
ucb_hate_binary,0.7593185253485208,0.7398063629592856,0.7289392007302091,0.7304564600296726,0.7260676771661893,0.7068554641410335,0.7340040694321728,0.751678714122223,0.7197806906788504,0.6987420183928247
ucb_target_identity_5way,0.7629433192203329,0.8299594256117035,0.7651963417116845,0.5840224473807465,0.6141917927209054,0.5297431543660279,0.7782855727108697,0.835810038445078,0.7336478486814013,0.6491102259626808
