dataset_id,n_instances,n_classes,log_instances,instances_per_class,majority_pct,minority_pct,imbalance_ratio,class_entropy,vocab_size,log_vocab_size,vocab_per_instance,type_token_ratio,hapax_ratio,mean_doc_len_words,std_doc_len_words,mean_doc_len_chars,mean_word_len,pct_docs_with_mention,mean_mentions_per_doc,pct_docs_with_url,pct_docs_with_hashtag,mean_hashtags_per_doc,pct_docs_with_emoji,uppercase_char_ratio,exclamation_rate,elongation_rate,pct_docs_with_profanity,profanity_token_rate,mean_mutual_info,max_mutual_info,centroid_cosine_gap,knn1_disagreement,silhouette_by_label,is_english,is_multilingual_row,is_twitter
davidson_3way,3000,3,3.4771212547196626,1000.0,0.7396666666666667,0.1,7.3966666666666665,1.0774037652608024,11019,4.042142183064956,3.673,0.2572188893298163,0.755513204465015,14.279666666666667,6.884435577607087,85.787,5.074768318588203,0.5743333333333334,0.7793333333333333,0.113,0.30033333333333334,0.7363333333333333,0.0,0.08309152411946712,0.17766666666666667,0.16366666666666665,0.6603333333333333,0.06246644412801419,0.0034974980617713046,0.07309441646522474,0.1332833170890808,0.22066666666666668,0.01815749704837799,1,0,1
davidson_hate_vs_not,3000,2,3.4771212547196626,1500.0,0.9,0.1,9.0,0.4689955935892812,10950,4.039414119176137,3.65,0.2617112810707457,0.7640182648401826,13.946666666666667,6.843280564823343,84.558,5.132122370936902,0.579,0.7813333333333333,0.11866666666666667,0.2926666666666667,0.7836666666666666,0.0,0.0810030924691842,0.17266666666666666,0.16933333333333334,0.646,0.0640057361376673,0.002028049826429993,0.01922740705396886,0.07369363307952881,0.12666666666666668,0.008876867592334747,1,0,1
ethos_binary,998,2,2.999130541287371,499.0,0.5661322645290581,0.4338677354709419,1.3048498845265588,0.9873437614969673,4971,3.696443763138999,4.980961923847695,0.24331864904552128,0.6731040032186683,20.470941883767534,26.158884375641588,111.93386773547094,4.5091042584434655,0.0,0.0,0.0,0.003006012024048096,0.003006012024048096,0.0,0.08459437095476134,0.24549098196392785,0.10821643286573146,0.2094188376753507,0.015075868820362213,0.006319188845683291,0.053643122396722864,0.08476912975311279,0.36172344689378755,0.009252769872546196,1,0,0
ethos_category_gender_vs_rest,433,2,2.6364878963533656,216.5,0.8013856812933026,0.19861431870669746,4.034883720930233,0.7191480605719052,2694,3.4303975913869666,6.221709006928407,0.307288696247291,0.6971046770601337,20.247113163972287,29.325463593808927,113.15242494226328,4.6314588798904985,0.0,0.0,0.0,0.004618937644341801,0.004618937644341801,0.0,0.12430704174509451,0.21478060046189376,0.10854503464203233,0.3210161662817552,0.02383939774153074,0.007250736430443087,0.09261843981570106,0.3264892101287842,0.09930715935334873,0.04646043851971626,1,0,0
ethos_category_national_origin_vs_rest,433,2,2.6364878963533656,216.5,0.8290993071593533,0.17090069284064666,4.851351351351352,0.6597610410569381,2694,3.4303975913869666,6.221709006928407,0.307288696247291,0.6971046770601337,20.247113163972287,29.325463593808927,113.15242494226328,4.6314588798904985,0.0,0.0,0.0,0.004618937644341801,0.004618937644341801,0.0,0.12430704174509451,0.21478060046189376,0.10854503464203233,0.3210161662817552,0.02383939774153074,0.007288637076405603,0.0644653588113342,0.2828524708747864,0.09930715935334873,0.03683386370539665,1,0,0
ethos_category_race_vs_rest,433,2,2.6364878963533656,216.5,0.8244803695150116,0.17551963048498845,4.697368421052632,0.6701769207772996,2694,3.4303975913869666,6.221709006928407,0.307288696247291,0.6971046770601337,20.247113163972287,29.325463593808927,113.15242494226328,4.6314588798904985,0.0,0.0,0.0,0.004618937644341801,0.004618937644341801,0.0,0.12430704174509451,0.21478060046189376,0.10854503464203233,0.3210161662817552,0.02383939774153074,0.006544389809710399,0.08379811755658584,0.30621206760406494,0.09237875288683603,0.031104676425457,1,0,0
ethos_category_religion_vs_rest,433,2,2.6364878963533656,216.5,0.812933025404157,0.18706697459584296,4.345679012345679,0.6952953163572486,2694,3.4303975913869666,6.221709006928407,0.307288696247291,0.6971046770601337,20.247113163972287,29.325463593808927,113.15242494226328,4.6314588798904985,0.0,0.0,0.0,0.004618937644341801,0.004618937644341801,0.0,0.12430704174509451,0.21478060046189376,0.10854503464203233,0.3210161662817552,0.02383939774153074,0.0075580572085349775,0.07833828154846678,0.39600712060928345,0.05542725173210162,0.05667056143283844,1,0,0
hatebr_offensive_binary,3000,2,3.4771212547196626,1500.0,0.5033333333333333,0.49666666666666665,1.0134228187919463,0.9999679398727176,9317,3.969276095488932,3.1056666666666666,0.2607904607288809,0.7134270687989697,11.908666666666667,14.431204323348148,70.20066666666666,4.9788949224654315,0.04066666666666666,0.04666666666666667,0.0013333333333333333,0.032,0.047,0.273,0.08135391567170008,0.667,0.2916666666666667,0.0,0.0,0.00422084437219634,0.030224269403285042,0.019827842712402344,0.258,0.010312206111848354,0,1,0
hatebr_partyism_vs_rest,3000,2,3.4771212547196626,1500.0,0.9,0.1,9.0,0.4689955935892812,9513,3.978317496746751,3.171,0.25971934039532596,0.713865237044045,12.209333333333333,14.463684853990548,72.062,4.98411051654472,0.037,0.042,0.0006666666666666666,0.03166666666666667,0.066,0.27666666666666667,0.08585377261963925,0.6543333333333333,0.284,0.0,0.0,0.0020912665012496217,0.035994255013772625,0.03405493497848511,0.126,-0.013269627466797829,0,1,0
hatecheck_en,3000,2,3.4771212547196626,1500.0,0.6873333333333334,0.31266666666666665,2.1982942430703623,0.8962277231990889,1543,3.188365926063148,0.5143333333333333,0.05804243153776708,0.37200259235255995,8.861333333333333,3.3183487192008956,47.31133333333333,4.451925970508577,0.0,0.0,0.0,0.0,0.0,0.0,0.03204042779059668,0.0033333333333333335,0.0,0.12133333333333333,0.013692446584411676,0.005209384313253517,0.0875818950039493,0.0531468391418457,0.15966666666666668,0.029016893357038498,1,0,0
hateval_en_AG,3000,2,3.4771212547196626,1500.0,0.8226666666666667,0.17733333333333334,4.639097744360902,0.6742084854407779,16296,4.212081015992108,5.432,0.25347249226174734,0.7326337751595483,21.430333333333333,10.969160400362869,140.52133333333333,5.596879812104338,0.42233333333333334,0.804,0.386,0.2966666666666667,1.024,0.07366666666666667,0.10830544569516276,0.274,0.13966666666666666,0.3323333333333333,0.0280599150736495,0.0030311238279136887,0.03314166395630358,0.03999316692352295,0.23433333333333334,-0.012162267230451107,1,0,1
hateval_en_HS,3000,2,3.4771212547196626,1500.0,0.582,0.418,1.3923444976076556,0.9805107178796568,16257,4.211040405732053,5.419,0.24887480481307983,0.7351294826843822,21.774,11.124009648803199,141.69066666666666,5.545742628823367,0.4053333333333333,0.76,0.38866666666666666,0.30533333333333335,0.986,0.065,0.11027026703532143,0.284,0.14666666666666667,0.33366666666666667,0.02726493371299103,0.004106538330864007,0.05055489526117696,0.05030560493469238,0.3363333333333333,0.0069132111966609955,1,0,1
hateval_en_TR,3000,2,3.4771212547196626,1500.0,0.8366666666666667,0.16333333333333333,5.122448979591836,0.6422246424849176,16311,4.212480587721373,5.437,0.25273090689350625,0.7325118018515112,21.513,10.921713739152844,141.61333333333334,5.621593145230016,0.41733333333333333,0.84,0.38066666666666665,0.299,1.0633333333333332,0.06833333333333333,0.1142570941602129,0.31,0.14333333333333334,0.321,0.026371651249632005,0.0032704013213929162,0.0730012152398587,0.2720503807067871,0.17733333333333334,0.03289500251412392,1,0,1
hateval_es_AG,3000,2,3.4771212547196626,1500.0,0.674,0.326,2.067484662576687,0.910787283866183,17005,4.230576636268741,5.668333333333333,0.26887500988220414,0.7669508967950602,21.081666666666667,12.215713810043558,129.11833333333334,5.162431812791525,0.4703333333333333,0.7433333333333333,0.31666666666666665,0.10566666666666667,0.18633333333333332,0.10666666666666667,0.10247633660866799,0.243,0.193,0.0016666666666666668,7.905763301446754e-05,0.0037250003657098743,0.03787099002368999,0.0232546329498291,0.30633333333333335,0.012758499011397362,0,1,1
hateval_es_HS,3000,2,3.4771212547196626,1500.0,0.5853333333333334,0.4146666666666667,1.4115755627009647,0.9788860262143904,17545,4.244153372551425,5.848333333333334,0.2701641464691571,0.77041892277002,21.647333333333332,12.432308429607467,132.11866666666666,5.140710172153614,0.4656666666666667,0.7146666666666667,0.31833333333333336,0.10466666666666667,0.21333333333333335,0.097,0.09868304911202909,0.24166666666666667,0.19066666666666668,0.0016666666666666668,7.699177727818669e-05,0.0038940415296360767,0.03199844390761686,0.012686431407928467,0.322,0.008028281852602959,0,1,1
hateval_es_TR,3000,2,3.4771212547196626,1500.0,0.744,0.256,2.90625,0.8206501291977117,17405,4.240674027620307,5.801666666666667,0.2700878309177245,0.7690893421430623,21.480666666666668,12.460322075380805,131.60566666666668,5.16379069550914,0.457,0.7146666666666667,0.3263333333333333,0.10433333333333333,0.181,0.096,0.09962206326416297,0.23966666666666667,0.18966666666666668,0.0026666666666666666,0.00012414263989323732,0.004071869301147228,0.044191080654183645,0.05545228719711304,0.22,0.0299177598208189,0,1,1
hatewic_all,3000,2,3.4771212547196626,1500.0,0.5283333333333333,0.4716666666666667,1.1201413427561837,0.9976824317031896,20319,4.307902330326024,6.773,0.2514509881569666,0.7097790245582952,26.935666666666666,17.25936058748669,152.58133333333333,4.696585691833628,0.0006666666666666666,0.001,0.0006666666666666666,0.0003333333333333333,0.0006666666666666666,0.0006666666666666666,0.03213382911979445,0.118,0.057666666666666665,0.08066666666666666,0.0037249248208694793,0.0036767571183312286,0.02519008203112838,0.08271610736846924,0.36133333333333334,0.008636463433504105,1,0,0
hatexplain_3way,3000,3,3.4771212547196626,1000.0,0.406,0.285,1.424561403508772,1.567652665582604,9996,3.9998262474544126,3.332,0.14335704451583295,0.5722288915566226,23.24266666666667,13.73561476195692,125.57233333333333,4.445688962826985,0.0,0.0,0.0,0.0,0.0,0.07733333333333334,0.0,0.0,0.0013333333333333333,0.30866666666666664,0.019016750803120697,0.004835543599231834,0.06643317880256738,0.06993776559829712,0.4683333333333333,0.0028842505998909473,1,0,0
hatexplain_hate_vs_rest,3000,2,3.4771212547196626,1500.0,0.691,0.309,2.236245954692557,0.8920157558713486,10087,4.003762020828246,3.3623333333333334,0.1417330579325268,0.5732130464954892,23.723,13.840000156551058,128.24733333333333,4.448186710505979,0.0,0.0,0.0,0.0,0.0,0.07533333333333334,0.0,0.0,0.0023333333333333335,0.30133333333333334,0.01804156304008768,0.003565681766204845,0.06496323002627191,0.08373671770095825,0.25333333333333335,0.006294005084782839,1,0,0
ihc_stg1_3way,3000,3,3.4771212547196626,1000.0,0.5866666666666667,0.1,5.866666666666666,1.3081585744754882,8623,3.9356583861006342,2.8743333333333334,0.17300670117571526,0.6358575901658355,16.614,7.849649928499996,88.50733333333334,4.3617832350226715,0.0026666666666666666,0.0026666666666666666,0.0013333333333333333,0.16033333333333333,0.2763333333333333,0.0003333333333333333,0.003465217517205432,0.18066666666666667,0.08966666666666667,0.028666666666666667,0.0018859596324385056,0.003937168447220313,0.03265133988007607,0.043749868869781494,0.4246666666666667,-0.01844734139740467,1,0,1
ihc_stg1_binary,3000,2,3.4771212547196626,1500.0,0.619,0.381,1.6246719160104988,0.9587452303135016,8501,3.9294700161774894,2.833666666666667,0.16966709244770878,0.6311022232678508,16.701333333333334,8.058668100595504,88.61133333333333,4.339394060354462,0.0003333333333333333,0.0003333333333333333,0.0003333333333333333,0.15933333333333333,0.291,0.0003333333333333333,0.0026397065920277965,0.18466666666666667,0.07966666666666666,0.028333333333333332,0.0019359731757943477,0.0036169150077428143,0.029571845472289526,0.03738880157470703,0.3333333333333333,0.002511402824893594,1,0,1
ihc_stg1_explicit_vs_not,3000,2,3.4771212547196626,1500.0,0.9,0.1,9.0,0.4689955935892812,8252,3.916559219301114,2.7506666666666666,0.16642465311390772,0.6116093068347067,16.528,7.881489876074616,87.23066666666666,4.309656340755082,0.0,0.0,0.0006666666666666666,0.165,0.2916666666666667,0.0003333333333333333,0.0005897791277166702,0.14733333333333334,0.08966666666666667,0.025333333333333333,0.001633591481122943,0.002077529698882284,0.021921246660292493,0.06122994422912598,0.14466666666666667,-0.017418840900063515,1,0,1
ihc_stg1_implicit_vs_not,3000,2,3.4771212547196626,1500.0,0.652,0.348,1.8735632183908046,0.932269191548067,8650,3.9370161074648142,2.8833333333333333,0.16908070916163334,0.6304046242774567,17.053,7.933359376707954,90.43266666666666,4.337438182919916,0.0013333333333333333,0.0013333333333333333,0.0,0.153,0.2853333333333333,0.0,0.0018963487011666564,0.17333333333333334,0.07766666666666666,0.024,0.0015442053206669404,0.003499903718038049,0.03093892512576435,0.03738582134246826,0.33166666666666667,0.0019336200784891844,1,0,1
ihc_stg2_6way,3000,6,3.4771212547196626,500.0,0.24533333333333332,0.10633333333333334,2.3072100313479624,2.5262774832024633,9164,3.96208508051736,3.054666666666667,0.1686263685711657,0.6373854212134439,18.115,8.842498232965614,97.27,4.406863556904959,0.002,0.0026666666666666666,0.0016666666666666668,0.15033333333333335,0.2846666666666667,0.0,0.004938444872306552,0.24,0.071,0.030333333333333334,0.001968902382923912,0.005899421162964385,0.13716395730479825,0.18812978267669678,0.5226666666666666,-0.010244276374578476,1,0,1
ihc_stg2_incitement_vs_rest,3000,2,3.4771212547196626,1500.0,0.7973333333333333,0.20266666666666666,3.9342105263157894,0.7272294744313874,9171,3.962416693445751,3.057,0.17151673835795772,0.6416966524915495,17.823333333333334,8.183568224734787,95.91933333333333,4.420048625397419,0.0033333333333333335,0.004,0.001,0.14733333333333334,0.274,0.0,0.004863208385148339,0.248,0.06766666666666667,0.03133333333333333,0.001945015896764541,0.0028654950222036604,0.023218145517040156,0.05764913558959961,0.23866666666666667,-0.0027962045278400183,1,0,1
ihc_stg2_inferiority_vs_rest,3000,2,3.4771212547196626,1500.0,0.8623333333333333,0.13766666666666666,6.263922518159807,0.578095249925358,9258,3.966517176446792,3.086,0.17146349594399377,0.6386908619572261,17.998,9.339307397589323,96.646,4.407767529725525,0.0033333333333333335,0.0033333333333333335,0.002,0.14166666666666666,0.25966666666666666,0.0,0.005565436915485685,0.255,0.06966666666666667,0.034,0.0023521131977627145,0.0022715195570810927,0.02182615557262202,0.08858901262283325,0.156,0.036302514374256134,1,0,1
ihc_stg2_irony_vs_rest,3000,2,3.4771212547196626,1500.0,0.8726666666666667,0.12733333333333333,6.853403141361256,0.550079220635811,9093,3.9587071910872846,3.031,0.171773462294091,0.6439019025624106,17.645333333333333,8.40282957633254,94.95733333333334,4.4191098685204775,0.0026666666666666666,0.0033333333333333335,0.001,0.14066666666666666,0.26766666666666666,0.0,0.00490558761675433,0.23566666666666666,0.067,0.033666666666666664,0.002266888317968868,0.00235549817070532,0.025602188561328898,0.12702202796936035,0.145,0.0637051910161972,1,0,1
ihc_stg2_stereotypical_vs_rest,3000,2,3.4771212547196626,1500.0,0.819,0.181,4.524861878453039,0.6822597925960409,9162,3.9619902874400648,3.054,0.17011400349066064,0.6411263916175508,17.952666666666666,9.154257273106444,96.743,4.426343347320732,0.0036666666666666666,0.0036666666666666666,0.0016666666666666668,0.14166666666666666,0.27566666666666667,0.0,0.0049755186868153155,0.244,0.061,0.030333333333333334,0.0020238404693824503,0.0027300844761969233,0.02314016082721304,0.10365933179855347,0.18333333333333332,0.013533457182347775,1,0,1
ihc_stg2_threatening_vs_rest,3000,2,3.4771212547196626,1500.0,0.8936666666666667,0.10633333333333334,8.404388714733543,0.48875614206049656,9229,3.9651546459869254,3.0763333333333334,0.1699537778759921,0.63690540686965,18.101,9.649255532595939,97.02433333333333,4.397565512034326,0.003,0.0036666666666666666,0.002,0.13733333333333334,0.255,0.0,0.004482314632120618,0.25333333333333335,0.06733333333333333,0.03,0.0019520100178627331,0.00236367854672932,0.05368762663153803,0.29851388931274414,0.11133333333333334,0.06638973206281662,1,0,1
ihc_stg2_white_grievance_vs_rest,3000,2,3.4771212547196626,1500.0,0.7546666666666667,0.24533333333333332,3.0760869565217392,0.8037974982401288,9001,3.954290761701127,3.0003333333333333,0.1679667089646936,0.6370403288523497,17.862666666666666,8.851693221575683,95.837,4.404008360080615,0.0023333333333333335,0.003,0.0013333333333333333,0.14433333333333334,0.25966666666666666,0.0,0.004545757811631268,0.23066666666666666,0.06366666666666666,0.027666666666666666,0.001959393894155408,0.0033848525067536163,0.07549034910367447,0.08016395568847656,0.247,-0.009571345522999763,1,0,1
ihc_target_black_vs_not,3000,2,3.4771212547196626,1500.0,0.8,0.2,4.0,0.7219280948873623,8215,3.9146075677710805,2.7383333333333333,0.16161397572347583,0.6060864272671942,16.943666666666665,7.768085986193052,89.417,4.3091814050481005,0.0,0.0,0.0,0.15033333333333335,0.271,0.0,0.0002009925202069266,0.135,0.082,0.01633333333333333,0.0010623438452912592,0.0032977736021065707,0.11383749376803376,0.12054586410522461,0.15366666666666667,-0.007268787361681461,1,0,1
ihc_target_immigrant_vs_not,3000,2,3.4771212547196626,1500.0,0.8,0.2,4.0,0.7219280948873623,8809,3.9449266099862155,2.9363333333333332,0.17798836175543523,0.6343512316948575,16.497333333333334,7.717252936692492,88.27766666666666,4.387901074921199,0.0003333333333333333,0.0003333333333333333,0.0,0.14833333333333334,0.28,0.0,0.001348823043118827,0.18966666666666668,0.084,0.022,0.0014547805705972681,0.00351468780260944,0.05932975045795863,0.2812451124191284,0.10066666666666667,0.03851249814033508,1,0,1
ihc_target_jewish_vs_not,2655,2,3.4240645254174877,1327.5,0.8,0.2,4.0,0.7219280948873623,7441,3.8716313045375537,2.8026365348399245,0.16849709019270398,0.6173901357344443,16.633145009416197,7.526592735550675,87.71751412429379,4.304974977921695,0.0,0.0,0.0,0.14915254237288136,0.26290018832391715,0.0,0.00016543874354788901,0.12165725047080979,0.08135593220338982,0.012806026365348399,0.0007699101016734222,0.003451489856328023,0.1275177712487905,0.22662633657455444,0.10470809792843691,0.014928532764315605,1,0,1
ihc_target_lgbt_vs_not,340,2,2.531478917042255,170.0,0.8,0.2,4.0,0.7219280948873623,1993,3.2995072987004876,5.8617647058823525,0.3533061513915972,0.7235323632714501,16.591176470588234,7.125796865534277,88.80882352941177,4.387165396206346,0.0,0.0,0.0,0.17941176470588235,0.34411764705882353,0.0,0.0,0.11470588235294117,0.09411764705882353,0.026470588235294117,0.0015954617975536252,0.008968930755374293,0.09126669707769053,0.3209470510482788,0.11470588235294117,0.043137066066265106,1,0,1
ihc_target_muslim_vs_not,3000,2,3.4771212547196626,1500.0,0.8,0.2,4.0,0.7219280948873623,8431,3.925879089301501,2.8103333333333333,0.16871785635668687,0.6168900486300557,16.657,7.589906740753363,88.27666666666667,4.332873066378499,0.0,0.0,0.0,0.159,0.294,0.0,0.00031979843008043415,0.14466666666666667,0.08433333333333333,0.015666666666666666,0.0010005803365952253,0.003297946384039919,0.056813800181100715,0.31351447105407715,0.104,0.03990425169467926,1,0,1
mlma_ar_hate_vs_normal,2062,2,3.3142886609474975,1031.0,0.5562560620756547,0.4437439379243453,1.2535519125683061,0.9908491133710248,11102,4.045401222995842,5.384093113482057,0.3983637733682586,0.7631057467123041,13.515518913676043,6.231510124052589,74.2172647914646,4.551114141160429,0.6905916585838991,1.3128031037827352,0.00048496605237633366,0.06838021338506305,0.08292919495635305,0.0009699321047526673,0.0,0.06935014548981572,0.1023278370514064,0.0,0.0,0.004753424887381375,0.047814600856999956,0.02686893939971924,0.36372453928225024,0.04851686581969261,0,1,1
mlma_en_hate_vs_normal,3000,2,3.4771212547196626,1500.0,0.687,0.313,2.194888178913738,0.8966061451541427,8030,3.904715545278681,2.6766666666666667,0.22761416139913263,0.5424657534246575,11.759666666666666,6.066072855553986,69.79333333333334,5.018566285892457,0.751,1.184,0.0,0.048,0.08833333333333333,0.0003333333333333333,0.027790181985013,0.10933333333333334,0.10233333333333333,0.4266666666666667,0.04898098018651322,0.003443228003082565,0.027625089681974968,0.022273898124694824,0.21166666666666667,0.018873808905482292,1,0,1
mlma_fr_hate_vs_normal,1358,2,3.132899769944483,679.0,0.6288659793814433,0.3711340206185567,1.6944444444444444,0.9515388458648668,5722,3.757547853469244,4.213549337260678,0.2545939933259177,0.717231737154841,16.550073637702504,5.076012416891151,93.39690721649484,4.703047830923248,0.8181148748159057,1.3365243004418261,0.0,0.07731958762886598,0.14138438880706922,0.0007363770250368188,0.0006924443284795327,0.10456553755522828,0.09720176730486009,0.0014727540500736377,8.898776418242492e-05,0.005231334313122074,0.04259072164123845,0.00815117359161377,0.4212076583210604,0.0014956998638808727,0,1,1
sbic_hf_group_targeted,3000,2,3.4771212547196626,1500.0,0.508,0.492,1.032520325203252,0.9998153271549207,12000,4.079181246047625,4.0,0.19778807008290616,0.6876666666666666,20.223666666666666,13.695192826519662,108.65666666666667,4.417299863196585,0.09133333333333334,0.11866666666666667,0.012,0.08666666666666667,0.17266666666666666,0.009666666666666667,0.06230347784659362,0.165,0.12233333333333334,0.227,0.01429018806348997,0.0037262367782092973,0.04258803742848216,0.11430060863494873,0.3373333333333333,0.012861005030572414,1,0,0
sbic_hf_offensive_gab,3000,2,3.4771212547196626,1500.0,0.6303333333333333,0.36966666666666664,1.7051397655545537,0.9504158066157982,15523,4.190975657485245,5.174333333333333,0.2241847433638543,0.6832442182567803,23.080666666666666,12.913048680393883,132.64433333333332,4.7708904999855575,0.04033333333333333,0.14466666666666667,0.0006666666666666666,0.11266666666666666,0.20633333333333334,0.03666666666666667,0.08400300317496676,0.06933333333333333,0.13133333333333333,0.08433333333333333,0.004765893532826897,0.0036057854801876087,0.027757952163942168,0.09967386722564697,0.30133333333333334,0.006696152966469526,1,0,0
sbic_hf_offensive_reddit,3000,2,3.4771212547196626,1500.0,0.732,0.268,2.7313432835820897,0.8385800999954849,10459,4.019490162997508,3.4863333333333335,0.17565456896696505,0.6403097810498135,19.847666666666665,15.015207664971612,104.15833333333333,4.291906689283375,0.0003333333333333333,0.0003333333333333333,0.001,0.005666666666666667,0.007333333333333333,0.0023333333333333335,0.04093011389821581,0.08933333333333333,0.095,0.10533333333333333,0.006633861243135213,0.0035790765225752644,0.024672725693726694,0.11883467435836792,0.25366666666666665,0.01983029954135418,1,0,0
sbic_hf_offensive_stormfront,3000,2,3.4771212547196626,1500.0,0.664,0.336,1.9761904761904763,0.9209394481940656,8870,3.9479236198317262,2.9566666666666666,0.12116824217255888,0.5836527621195039,24.401333333333334,10.777272299715834,120.51133333333334,3.9796869023550627,0.004333333333333333,0.004333333333333333,0.0023333333333333335,0.0033333333333333335,0.006,0.0,0.03960438415967301,0.09866666666666667,0.08133333333333333,0.036,0.0016938965083875199,0.003996769396578447,0.051587443872046945,0.19692754745483398,0.278,0.015928970649838448,1,0,0
sbic_hf_offensive_twitter,3000,2,3.4771212547196626,1500.0,0.694,0.306,2.2679738562091503,0.8885020591088226,14270,4.154423973114647,4.756666666666667,0.25380168963983996,0.7512263489838823,18.741666666666667,6.13087246827254,107.81533333333333,4.805353490440195,0.25333333333333335,0.3596666666666667,0.055,0.2813333333333333,0.598,0.022333333333333334,0.08167566475156625,0.313,0.16133333333333333,0.38033333333333336,0.02562916851934193,0.00347124155194283,0.03337885701752952,0.11582744121551514,0.29133333333333333,0.005631046835333109,1,0,1
sbic_hf_sex,3000,2,3.4771212547196626,1500.0,0.9,0.1,9.0,0.4689955935892812,12686,4.103324707061445,4.228666666666666,0.2097899785017364,0.695727573703295,20.156666666666666,12.18485900160067,109.18833333333333,4.462361501571027,0.08866666666666667,0.13266666666666665,0.022333333333333334,0.10866666666666666,0.25733333333333336,0.012666666666666666,0.06201947719118401,0.16733333333333333,0.12166666666666667,0.19633333333333333,0.012320158756408137,0.001920115465910356,0.02320848788203267,0.18828314542770386,0.14,-0.005482518579810858,1,0,0
sbic_offensive_binary,3000,2,3.4771212547196626,1500.0,0.5366666666666666,0.4633333333333333,1.158273381294964,0.9961172688791446,13483,4.12978653452034,4.4943333333333335,0.21663961951893568,0.6945783579322109,20.745666666666665,12.775614057866477,113.32966666666667,4.5051336021980495,0.108,0.169,0.027,0.11833333333333333,0.23766666666666666,0.012333333333333333,0.06056373064926616,0.15533333333333332,0.11933333333333333,0.195,0.011793627584877163,0.0034455314515335783,0.025352642346030185,0.14096879959106445,0.311,0.016529133543372154,1,0,0
toxic_conversations_binary,3000,2,3.4771212547196626,1500.0,0.9,0.1,9.0,0.4689955935892812,24801,4.394469192347434,8.267,0.16185789710690673,0.6370710858433127,51.07566666666666,46.59398324414383,295.05,4.763690472305795,0.0013333333333333333,0.0013333333333333333,0.026333333333333334,0.004666666666666667,0.006,0.0016666666666666668,0.0379676751217777,0.21666666666666667,0.214,0.027666666666666666,0.0005938901107507162,0.002029310659266186,0.016281952366805186,0.10429060459136963,0.174,-0.01064376626163721,1,0,0
tweeteval_hate,3000,2,3.4771212547196626,1500.0,0.5813333333333334,0.4186666666666667,1.3885350318471337,0.9808277443769622,13371,4.126163888805839,4.457,0.21141257945166492,0.6959090569142173,21.082,11.059442843109231,124.91733333333333,4.966448471049553,0.41933333333333334,0.7843333333333333,0.012,0.294,1.011,0.07433333333333333,0.09174705759077358,0.2673333333333333,0.13233333333333333,0.3273333333333333,0.027764601713942384,0.0037652965984755773,0.03131317793118127,0.03783291578292847,0.3463333333333333,0.004224294796586037,1,0,1
tweeteval_offensive,3000,2,3.4771212547196626,1500.0,0.6703333333333333,0.32966666666666666,2.033367037411527,0.9145854451896354,12756,4.105714510570921,4.252,0.19271793322254116,0.6965349639385388,22.063333333333333,14.91726032338229,125.51766666666667,4.7163317721710225,0.898,2.3186666666666667,0.0,0.17833333333333334,0.4716666666666667,0.11533333333333333,0.06840096666655175,0.43033333333333335,0.19966666666666666,0.101,0.005302915848315455,0.0032773028776531066,0.029792241231468397,0.026513338088989258,0.328,0.004675289615988731,1,0,1
ucb_hate_binary,3000,2,3.4771212547196626,1500.0,0.6246666666666667,0.37533333333333335,1.6642984014209592,0.9546793161913584,14508,4.161607546908397,4.836,0.1911663943498656,0.6813482216708023,25.297333333333334,19.96995058136655,140.48466666666667,4.588309703262531,0.141,0.24133333333333334,0.0,0.06066666666666667,0.168,0.079,0.06272273913213178,0.203,0.10566666666666667,0.3396666666666667,0.024824750961893217,0.0036949009790217396,0.027232075546103296,0.1314605474472046,0.284,0.01571439579129219,1,0,0
ucb_target_identity_5way,3000,5,3.4771212547196626,600.0,0.3396666666666667,0.134,2.5348258706467663,2.2211108677413747,14256,4.1539976866928,4.752,0.19077441888474045,0.6802749719416387,24.909,19.70330054415588,138.21766666666667,4.584955906165107,0.14066666666666666,0.238,0.0,0.063,0.18666666666666668,0.088,0.05803105646908081,0.20066666666666666,0.1,0.358,0.025586468077134102,0.007011076648356383,0.08463937242732555,0.45230162143707275,0.22366666666666668,0.052093490958213806,1,0,0
