dataset_id,pct_docs_with_hashtag,cx_clscoef,n_instances,mean_mutual_info,cx_t4,max_mutual_info,mt_rare,lm_nc_minilm_f1,lm_nc_tfidf_f1,silhouette_by_label,is_english,tok_fertility_gap,centroid_cosine_gap,lm_nc_gap_minilm_minus_tfidf,cx_t3,minority_pct,knn1_disagreement,ch_js_class_to_corpus,mt_borderline,lm_stump_bow_f1,n_classes,lc_slope_minilm,hl_doc_rate,hl_token_rate,hl_class_gap,pct_docs_with_profanity,hl_category_entropy,mean_doc_len_words,std_doc_len_words,vocab_per_instance,pct_docs_with_emoji,mean_word_len,uppercase_char_ratio,pct_docs_with_mention,vocab_size,pct_docs_with_url,exclamation_rate,ch_zipf_slope
davidson_3way,0.3003333333333333,0.4743480949264973,3000,0.0034974980617713,0.625,0.0730944164652247,0.2666666666666666,0.6472248345759967,0.6712750006865774,0.0181574970483779,1,-0.1738135810826582,0.1332833170890808,-0.0240501661105807,0.08,0.1,0.2206666666666666,0.111161788691626,0.3333333333333333,0.3160988781561161,3,0.0876282412054424,0.856,0.1123508378925602,0.1831392931392931,0.6603333333333333,3.3559050169960605,14.279666666666667,6.884435577607087,3.673,0.0,5.074768318588203,0.0830915241194671,0.5743333333333334,11019,0.113,0.1776666666666666,-1.0970838827510212
davidson_hate_vs_not,0.2926666666666667,0.4843417914101323,3000,0.0020280498264299,0.625,0.0192274070539688,0.2233333333333333,0.6419855909416661,0.6919245062029274,0.0088768675923347,1,-0.1728967495219884,0.0736936330795288,-0.0499389152612613,0.08,0.1,0.1266666666666666,0.0792581444265118,0.3633333333333333,0.3594330957003673,2,0.0503666394402582,0.8423333333333334,0.1130615822923515,0.0529629629629629,0.646,3.380888949868836,13.946666666666667,6.843280564823343,3.65,0.0,5.132122370936902,0.0810030924691842,0.579,10950,0.1186666666666666,0.1726666666666666,-1.0866034244029232
ethos_binary,0.003006012024048,0.5190932224983249,998,0.0063191888456832,0.5833333333333334,0.0536431223967228,0.0554272517321016,0.7012556888376811,0.6561177529389836,0.0092527698725461,1,-0.1985315712187958,0.0847691297531127,0.0451379358986975,0.2244488977955911,0.4338677354709419,0.3617234468937875,0.0389863069457731,0.4064665127020785,0.424852257259199,2,0.0279275232439879,0.7585170340681363,0.0952471212623797,0.1613889513376525,0.2094188376753507,3.3920779165416777,20.470941883767534,26.158884375641588,4.980961923847695,0.0,4.5091042584434655,0.0845943709547613,0.0,4971,0.0,0.2454909819639278,-1.0275069935339227
ethos_category_gender_vs_rest,0.0046189376443418,0.4906800197154312,433,0.007250736430443,0.4609375,0.092618439815701,0.0581395348837209,0.8493829683217566,0.7871945506702449,0.0464604385197162,1,-0.2673662598380291,0.3264892101287842,0.0621884176515117,0.4087759815242494,0.1986143187066974,0.0993071593533487,0.0916399969935532,0.2790697674418604,0.6758554342282841,2,0.0151448467232084,0.8498845265588915,0.1141762452107279,0.0158166342738421,0.3210161662817552,3.468768437745154,20.247113163972287,29.325463593808927,6.221709006928407,0.0,4.6314588798904985,0.1243070417450945,0.0,2694,0.0,0.2147806004618937,-1.0158085116534472
ethos_category_national_origin_vs_rest,0.0046189376443418,0.5086369071333098,433,0.0072886370764056,0.4609375,0.0644653588113342,0.0945945945945946,0.8243657833471991,0.6730235467274893,0.0368338637053966,1,-0.2673662598380291,0.2828524708747864,0.1513422366197098,0.4087759815242494,0.1709006928406466,0.0993071593533487,0.087218742079535,0.527027027027027,0.474781381377837,2,0.0826390830247572,0.8498845265588915,0.1141762452107279,0.0145298501844463,0.3210161662817552,3.468768437745154,20.247113163972287,29.325463593808927,6.221709006928407,0.0,4.6314588798904985,0.1243070417450945,0.0,2694,0.0,0.2147806004618937,-1.0158085116534472
ethos_category_race_vs_rest,0.0046189376443418,0.4885268257171447,433,0.0065443898097103,0.4609375,0.0837981175565858,0.0657894736842105,0.8989099192032024,0.8020049986528155,0.031104676425457,1,-0.2673662598380291,0.3062120676040649,0.0969049205503869,0.4087759815242494,0.1755196304849884,0.092378752886836,0.0795582518062559,0.2236842105263158,0.7274451045888821,2,0.0283324258524732,0.8498845265588915,0.1141762452107279,0.118236768391567,0.3210161662817552,3.468768437745154,20.247113163972287,29.325463593808927,6.221709006928407,0.0,4.6314588798904985,0.1243070417450945,0.0,2694,0.0,0.2147806004618937,-1.0158085116534472
ethos_category_religion_vs_rest,0.0046189376443418,0.4971223530958528,433,0.0075580572085349,0.4609375,0.0783382815484667,0.0246913580246913,0.9206170473913908,0.7983173723521457,0.0566705614328384,1,-0.2673662598380291,0.3960071206092834,0.1222996750392452,0.4087759815242494,0.1870669745958429,0.0554272517321016,0.08303271608715,0.2098765432098765,0.6725986963741848,2,0.0510016994871243,0.8498845265588915,0.1141762452107279,0.0886994949494949,0.3210161662817552,3.468768437745154,20.247113163972287,29.325463593808927,6.221709006928407,0.0,4.6314588798904985,0.1243070417450945,0.0,2694,0.0,0.2147806004618937,-1.0158085116534472
hatebr_offensive_binary,0.032,0.4669355531614991,3000,0.0042208443721963,0.5390625,0.030224269403285,0.0812080536912751,0.6531508206022898,0.7646544924248462,0.0103122061118483,0,0.3864132564518836,0.0198278427124023,-0.1115036718225563,0.069,0.4966666666666666,0.258,0.0525678348888401,0.3523489932885906,0.4293023883675438,2,0.0142167716223293,0.4686666666666667,0.0665093937412955,0.2902617894128628,0.0,3.306337312024058,11.908666666666669,14.431204323348148,3.1056666666666666,0.273,4.978894922465432,0.0813539156717,0.0406666666666666,9317,0.0013333333333333,0.667,-0.9820475036097118
hatebr_partyism_vs_rest,0.0316666666666666,0.4692535057062185,3000,0.0020912665012496,0.5416666666666666,0.0359942550137726,0.3433333333333333,0.5443025208335338,0.7161982791644561,-0.0132696274667978,0,0.3811837938189362,0.0340549349784851,-0.1718957583309223,0.0693333333333333,0.1,0.126,0.0701772230098081,0.3166666666666666,0.6405294777516938,2,0.0304667816660889,0.481,0.0682510664229128,0.1655555555555555,0.0,3.295684669809716,12.209333333333332,14.463684853990548,3.171,0.2766666666666666,4.98411051654472,0.0858537726196392,0.037,9513,0.0006666666666666,0.6543333333333333,-0.9839435553281142
hatecheck_en,0.0,0.4008365118536985,3000,0.0052093843132535,0.484375,0.0875818950039493,0.1439232409381663,0.7541281384917637,0.7446203357712224,0.0290168933570384,1,-0.1066430935901292,0.0531468391418457,0.0095078027205413,0.062,0.3126666666666666,0.1596666666666666,0.0567904892257375,0.2718550106609808,0.3301336802696624,2,0.0278173357521867,0.7126666666666667,0.1421745203263986,0.0380300244654516,0.1213333333333333,3.034890295747702,8.861333333333333,3.318348719200896,0.5143333333333333,0.0,4.451925970508577,0.0320404277905966,0.0,1543,0.0,0.0033333333333333,-1.4240990461287228
hateval_en_AG,0.2966666666666667,0.4591797784212181,3000,0.0030311238279136,0.6119791666666666,0.0331416639563035,0.2819548872180451,0.6133714413610234,0.6235401015485943,-0.0121622672304511,1,-0.2417912304988254,0.0399931669235229,-0.0101686601875709,0.0783333333333333,0.1773333333333333,0.2343333333333333,0.0476194345942725,0.4229323308270676,0.4652640261623956,2,0.0250961250579428,0.74,0.0762312572500608,0.1263998732650102,0.3323333333333333,3.376485507131192,21.430333333333333,10.969160400362869,5.432,0.0736666666666666,5.596879812104338,0.1083054456951627,0.4223333333333333,16296,0.386,0.274,-1.040578885213682
hateval_en_HS,0.3053333333333333,0.4478219729374033,3000,0.004106538330864,0.6119791666666666,0.0505548952611769,0.0940988835725677,0.6480601637782529,0.6706512505189225,0.0069132111966609,1,-0.241082636783932,0.0503056049346923,-0.0225910867406695,0.0783333333333333,0.418,0.3363333333333333,0.0308106811317427,0.4577352472089314,0.6080964285007772,2,0.0178496041443439,0.749,0.0753400521530763,0.1586044931134459,0.3336666666666666,3.39266459233696,21.774,11.1240096488032,5.419,0.065,5.545742628823367,0.1102702670353214,0.4053333333333333,16257,0.3886666666666666,0.284,-1.0337492262459866
hateval_en_TR,0.299,0.4494610560024471,3000,0.0032704013213929,0.6145833333333334,0.0730012152398587,0.1469387755102041,0.673260780858843,0.7406059152250221,0.0328950025141239,1,-0.2513364012457584,0.2720503807067871,-0.067345134366179,0.0786666666666666,0.1633333333333333,0.1773333333333333,0.0900053521163833,0.4897959183673469,0.7148947815510197,2,0.0014243755973324,0.7356666666666667,0.0742148429685937,0.2427595739491016,0.321,3.404456081520454,21.513,10.921713739152844,5.437,0.0683333333333333,5.621593145230016,0.1142570941602129,0.4173333333333333,16311,0.3806666666666666,0.31,-1.0357355049442944
hateval_es_AG,0.1056666666666666,0.4604285294267444,3000,0.0037250003657098,0.5625,0.0378709900236899,0.1707566462167689,0.6547412993294817,0.7154125189564783,0.0127584990113973,0,0.2055498458376154,0.0232546329498291,-0.0606712196269966,0.072,0.326,0.3063333333333333,0.0395509787358002,0.369120654396728,0.5397296098215132,2,0.0163941864830138,0.7856666666666666,0.069165443013064,0.1814670526053897,0.0016666666666666,3.139477867550693,21.081666666666667,12.215713810043558,5.668333333333333,0.1066666666666666,5.162431812791525,0.1024763366086679,0.4703333333333333,17005,0.3166666666666666,0.243,-1.0651744211479444
hateval_es_HS,0.1046666666666666,0.459368422184598,3000,0.003894041529636,0.5651041666666666,0.0319984439076168,0.1422829581993569,0.6223709142471889,0.6687427226401481,0.0080282818526029,0,0.2121277447568599,0.0126864314079284,-0.0463718083929591,0.0723333333333333,0.4146666666666667,0.322,0.0325922539593198,0.4348874598070739,0.4840917228448219,2,0.0188042442340097,0.8003333333333333,0.0699451295061655,0.1255026404646632,0.0016666666666666,3.134804511414793,21.64733333333333,12.432308429607469,5.848333333333334,0.097,5.140710172153614,0.098683049112029,0.4656666666666667,17545,0.3183333333333333,0.2416666666666666,-1.062081690625084
hateval_es_TR,0.1043333333333333,0.4603433903265511,3000,0.0040718693011472,0.5625,0.0441910806541836,0.13671875,0.7101652259885558,0.7698570565252669,0.0299177598208189,0,0.210887309518637,0.055452287197113,-0.0596918305367111,0.072,0.256,0.22,0.0742530576818816,0.3125,0.6265792463630271,2,0.042368231731383,0.7946666666666666,0.0678426252855828,0.2322328629032257,0.0026666666666666,3.139280860153366,21.480666666666668,12.460322075380803,5.801666666666667,0.096,5.16379069550914,0.0996220632641629,0.457,17405,0.3263333333333333,0.2396666666666666,-1.0664288345274875
hatewic_all,0.0003333333333333,0.5425845924959205,3000,0.0036767571183312,0.625,0.0251900820311283,0.0975265017667844,0.7094537337965923,0.6417762425887952,0.0086364634335041,1,-0.1266845694061158,0.0827161073684692,0.067677491207797,0.08,0.4716666666666667,0.3613333333333333,0.0336149688213037,0.4890459363957597,0.5350543993848076,2,0.0460864159214707,0.6946666666666667,0.0520189335394126,0.0749696246837066,0.0806666666666666,3.494705388800419,26.935666666666663,17.25936058748669,6.773,0.0006666666666666,4.696585691833628,0.0321338291197944,0.0006666666666666,20319,0.0006666666666666,0.118,-1.0363649733112876
hatexplain_3way,0.0,0.5076693715096963,3000,0.0048355435992318,0.6119791666666666,0.0664331788025673,0.2783625730994152,0.5870687615349457,0.5962994540089256,0.0028842505998909,1,-0.1512018127581458,0.0699377655982971,-0.0092306924739798,0.0783333333333333,0.285,0.4683333333333333,0.0500945790621057,0.4339181286549707,0.2901854235904945,3,0.031668494259263,0.871,0.1024626400544998,0.1112785031432503,0.3086666666666666,3.4211849953557496,23.24266666666667,13.73561476195692,3.332,0.0773333333333333,4.445688962826985,0.0,0.0,9996,0.0,0.0,-1.0498621192882578
hatexplain_hate_vs_rest,0.0,0.5146911469773685,3000,0.0035656817662048,0.6119791666666666,0.0649632300262719,0.1326860841423948,0.7517480502909019,0.7812319928608759,0.0062940050847828,1,-0.1484635164186654,0.0837367177009582,-0.0294839425699739,0.0783333333333333,0.309,0.2533333333333333,0.0342574280160258,0.3376483279395901,0.623713692832339,2,0.0375867905536242,0.8776666666666667,0.1026939609311827,0.0802473472306134,0.3013333333333333,3.4349040169194405,23.723,13.840000156551058,3.3623333333333334,0.0753333333333333,4.448186710505979,0.0,0.0,10087,0.0,0.0,-1.0478671386795095
ihc_stg1_3way,0.1603333333333333,0.4931602811949876,3000,0.0039371684472203,0.6171875,0.032651339880076,0.3366666666666666,0.4911225062075006,0.4893494365888999,-0.0184473413974046,1,-0.150335058785763,0.0437498688697814,0.0017730696186006,0.079,0.1,0.4246666666666667,0.0756049465675829,0.2933333333333333,0.2772740399830783,3,0.0417345772254494,0.7473333333333333,0.1042502356370969,0.1730681818181818,0.0286666666666666,2.9776922839908364,16.614,7.849649928499996,2.8743333333333334,0.0003333333333333,4.361783235022672,0.0034652175172054,0.0026666666666666,8623,0.0013333333333333,0.1806666666666666,-1.0080701930474898
ihc_stg1_binary,0.1593333333333333,0.4983307087842535,3000,0.0036169150077428,0.6171875,0.0295718454722895,0.1583552055993,0.6422715822875957,0.6595080837651605,0.0025114028248935,1,-0.1469343764968864,0.037388801574707,-0.0172365014775647,0.079,0.381,0.3333333333333333,0.0322016896747534,0.4776902887139108,0.4168250837874758,2,0.0192755861294185,0.7596666666666667,0.1040297040515452,0.1465703297588609,0.0283333333333333,2.95389185426341,16.701333333333334,8.058668100595504,2.833666666666667,0.0003333333333333,4.339394060354462,0.0026397065920277,0.0003333333333333,8501,0.0003333333333333,0.1846666666666666,-1.0115067591732647
ihc_stg1_explicit_vs_not,0.165,0.509478439692095,3000,0.0020775296988822,0.6197916666666666,0.0219212466602924,0.2633333333333333,0.5824142767667237,0.6267131627769769,-0.0174188409000635,1,-0.1462770248467246,0.0612299442291259,-0.0442988860102531,0.0793333333333333,0.1,0.1446666666666666,0.0842687783460974,0.36,0.5294668326720828,2,0.039349259846238,0.7166666666666667,0.0969061966004137,0.1592592592592592,0.0253333333333333,2.974304141826316,16.528,7.881489876074616,2.7506666666666666,0.0003333333333333,4.309656340755082,0.0005897791277166,0.0,8252,0.0006666666666666,0.1473333333333333,-0.9989246857756622
ihc_stg1_implicit_vs_not,0.153,0.5044769850016038,3000,0.003499903718038,0.6145833333333334,0.0309389251257643,0.1810344827586207,0.6420772598339874,0.6471487613391902,0.0019336200784891,1,-0.1480091479505072,0.0373858213424682,-0.0050715015052027,0.0786666666666666,0.348,0.3316666666666666,0.0332055936755811,0.4808429118773946,0.42528469879822,2,0.0164831805768138,0.754,0.1017515309836837,0.1216768916155419,0.024,2.9464645697228904,17.053,7.933359376707954,2.8833333333333333,0.0,4.337438182919916,0.0018963487011666,0.0013333333333333,8650,0.0,0.1733333333333333,-1.0155487286618394
ihc_stg2_6way,0.1503333333333333,0.4244190676926754,3000,0.0058994211629643,0.6067708333333334,0.1371639573047982,0.1567398119122257,0.5091143422796196,0.4941476093135507,-0.0102442763745784,1,-0.1484037169932837,0.1881297826766967,0.0149667329660688,0.0776666666666666,0.1063333333333333,0.5226666666666666,0.1247789917977474,0.3573667711598746,0.1412016914714612,6,0.0691026083538284,0.839,0.113645733131785,0.2636167711598746,0.0303333333333333,2.8843739176279213,18.115,8.842498232965614,3.054666666666667,0.0,4.406863556904959,0.0049384448723065,0.002,9164,0.0016666666666666,0.24,-1.0359878304327992
ihc_stg2_incitement_vs_rest,0.1473333333333333,0.4775634300639586,3000,0.0028654950222036,0.6067708333333334,0.0232181455170401,0.2138157894736842,0.6364901456391276,0.6688322089278962,-0.00279620452784,1,-0.1502150738732,0.0576491355895996,-0.0323420632887685,0.0776666666666666,0.2026666666666666,0.2386666666666666,0.0529929501226917,0.3832236842105263,0.5380988348888298,2,0.0495285835119905,0.8336666666666667,0.1146399219947067,0.0038560552719592,0.0313333333333333,2.881410414171846,17.823333333333334,8.183568224734787,3.057,0.0,4.420048625397419,0.0048632083851483,0.0033333333333333,9171,0.001,0.248,-1.03196941534524
ihc_stg2_inferiority_vs_rest,0.1416666666666666,0.4828762666904982,3000,0.002271519557081,0.6067708333333334,0.021826155572622,0.2397094430992736,0.6398742871325406,0.6346197373085702,0.0363025143742561,1,-0.1489795162425455,0.0885890126228332,0.0052545498239703,0.0776666666666666,0.1376666666666666,0.156,0.066293654540974,0.3559322033898305,0.4585542115879292,2,0.0585666542261879,0.8256666666666667,0.1126905156755903,0.0280794922648256,0.034,2.879623328309382,17.998,9.339307397589325,3.086,0.0,4.407767529725525,0.0055654369154856,0.0033333333333333,9258,0.002,0.255,-1.0328783528120484
ihc_stg2_irony_vs_rest,0.1406666666666666,0.4779074460280399,3000,0.0023554981707053,0.6067708333333334,0.0256021885613288,0.2539267015706806,0.6600830563395791,0.6701422560473722,0.0637051910161972,1,-0.1551118331570198,0.1270220279693603,-0.0100591997077931,0.0776666666666666,0.1273333333333333,0.145,0.0800766708711056,0.2722513089005235,0.4760612450572566,2,0.0436115384003056,0.8276666666666667,0.1140492206065976,0.0305036817201892,0.0336666666666666,2.896360941516306,17.645333333333333,8.40282957633254,3.031,0.0,4.4191098685204775,0.0049055876167543,0.0026666666666666,9093,0.001,0.2356666666666666,-1.0303958672873457
ihc_stg2_stereotypical_vs_rest,0.1416666666666666,0.4771725168716169,3000,0.0027300844761969,0.6067708333333334,0.023140160827213,0.156537753222836,0.6959140850536321,0.7000893020790097,0.0135334571823477,1,-0.1513609862973002,0.1036593317985534,-0.0041752170253775,0.0776666666666666,0.181,0.1833333333333333,0.0537467697220046,0.3922651933701657,0.5221753138430245,2,0.0190522257123211,0.8333333333333334,0.1126208983563757,0.0753288046105725,0.0303333333333333,2.881693879260768,17.952666666666666,9.154257273106444,3.054,0.0,4.426343347320732,0.0049755186868153,0.0036666666666666,9162,0.0016666666666666,0.244,-1.0307659790406092
ihc_stg2_threatening_vs_rest,0.1373333333333333,0.4745859223976049,3000,0.0023636785467293,0.6067708333333334,0.053687626631538,0.1692789968652037,0.7046118210701943,0.7091051493900975,0.0663897320628166,1,-0.1494208423107379,0.2985138893127441,-0.0044933283199032,0.0776666666666666,0.1063333333333333,0.1113333333333333,0.1011956844358613,0.3448275862068966,0.477242029726191,2,0.0678286675801214,0.835,0.1141171165872689,0.2503335324979333,0.03,2.9159333741593216,18.101,9.64925553259594,3.0763333333333334,0.0,4.397565512034326,0.0044823146321206,0.003,9229,0.002,0.2533333333333333,-1.0422378145594011
ihc_stg2_white_grievance_vs_rest,0.1443333333333333,0.4811580560381325,3000,0.0033848525067536,0.6067708333333334,0.0754903491036744,0.1385869565217391,0.6884985727159035,0.7033729735238241,-0.0095713455229997,1,-0.150388146599985,0.0801639556884765,-0.0148744008079205,0.0776666666666666,0.2453333333333333,0.247,0.046929291137116,0.3804347826086957,0.6557779281416662,2,0.0027537470514617,0.8353333333333334,0.11410573319512,0.1065735904132739,0.0276666666666666,2.864623738489476,17.862666666666666,8.851693221575683,3.0003333333333333,0.0,4.404008360080615,0.0045457578116312,0.0023333333333333,9001,0.0013333333333333,0.2306666666666666,-1.0334557240083095
ihc_target_black_vs_not,0.1503333333333333,0.4905769468931625,3000,0.0032977736021065,0.6171875,0.1138374937680337,0.1416666666666666,0.6906885964457843,0.8014884110553198,-0.0072687873616814,1,-0.1476657944954849,0.1205458641052246,-0.1107998146095354,0.079,0.2,0.1536666666666666,0.0587252403487917,0.3766666666666666,0.7679820930063526,2,0.0163767824781591,0.7383333333333333,0.1034302742914319,0.2229166666666666,0.0163333333333333,2.780886466127792,16.943666666666665,7.768085986193052,2.7383333333333333,0.0,4.3091814050481005,0.0002009925202069,0.0,8215,0.0,0.135,-1.009708272060763
ihc_target_immigrant_vs_not,0.1483333333333333,0.4718195092845071,3000,0.0035146878026094,0.6197916666666666,0.0593297504579586,0.0633333333333333,0.840787456596305,0.8022769480105401,0.038512498140335,1,-0.1447102562030227,0.2812451124191284,0.0385105085857649,0.0793333333333333,0.2,0.1006666666666666,0.0755035211028905,0.235,0.46711106640955,2,0.0284224779180123,0.6826666666666666,0.0873657695876972,0.0491666666666666,0.022,2.995901811252814,16.497333333333334,7.717252936692492,2.936333333333333,0.0,4.387901074921199,0.0013488230431188,0.0003333333333333,8809,0.0,0.1896666666666666,-0.9938973132794188
ihc_target_jewish_vs_not,0.1491525423728813,0.4626040222673809,2655,0.003451489856328,0.6119791666666666,0.1275177712487905,0.032015065913371,0.9080957006222954,0.899348526591416,0.0149285327643156,1,-0.1585788365299698,0.2266263365745544,0.0087471740308794,0.0885122410546139,0.2,0.1047080979284369,0.0645620173222565,0.1431261770244821,0.7513849732325653,2,0.0176445357193506,0.7472693032015066,0.1038620550569728,0.2523540489642184,0.0128060263653483,2.746180348597853,16.633145009416197,7.526592735550675,2.8026365348399245,0.0,4.304974977921695,0.0001654387435478,0.0,7441,0.0,0.1216572504708097,-1.0071163727976948
ihc_target_lgbt_vs_not,0.1794117647058823,0.4771606416258773,340,0.0089689307553742,0.4322916666666667,0.0912666970776905,0.0147058823529411,0.8955773591231481,0.6832702497428521,0.0431370660662651,1,-0.1567098032263782,0.3209470510482788,0.2123071093802959,0.488235294117647,0.2,0.1147058823529411,0.0896299707803038,0.2794117647058823,0.6861633732343343,2,0.0167172179971198,0.7323529411764705,0.0981654957064793,0.1323529411764705,0.0264705882352941,3.076806869077927,16.591176470588234,7.125796865534277,5.8617647058823525,0.0,4.387165396206346,0.0,0.0,1993,0.0,0.1147058823529411,-0.9236172185088876
ihc_target_muslim_vs_not,0.159,0.4637680595581914,3000,0.0032979463840399,0.6145833333333334,0.0568138001811007,0.0216666666666666,0.8800790830985561,0.8380094933187008,0.0399042516946792,1,-0.1568109503512036,0.3135144710540771,0.0420695897798553,0.0786666666666666,0.2,0.104,0.0695348411229328,0.1966666666666666,0.631351797643256,2,0.013415783533678,0.6993333333333334,0.090275326509001,0.0175,0.0156666666666666,2.9749557589651605,16.657,7.589906740753363,2.8103333333333333,0.0,4.332873066378499,0.0003197984300804,0.0,8431,0.0,0.1446666666666666,-1.012731537921466
mlma_ar_hate_vs_normal,0.068380213385063,0.4555278330256631,2062,0.0047534248873813,0.2317708333333333,0.0478146008569999,0.1519125683060109,0.700360524658419,0.7496906470499985,0.0485168658196926,0,1.8884064731422008,0.0268689393997192,-0.0493301223915795,0.0431619786614937,0.4437439379243453,0.3637245392822502,0.0756879957695795,0.4131147540983607,0.5625989863699793,2,0.0093471847234974,0.3370514064015519,0.0331034980686617,0.1599334924559673,0.0,2.950687142432649,13.515518913676043,6.231510124052589,5.384093113482057,0.0009699321047526,4.551114141160429,0.0,0.6905916585838991,11102,0.0004849660523763,0.0693501454898157,-0.8771254872885551
mlma_en_hate_vs_normal,0.048,0.4055954662852956,3000,0.0034432280030825,0.5963541666666666,0.0276250896819749,0.2992545260915868,0.5940207864971234,0.6209372079644557,0.0188738089054822,1,-0.0532044559086142,0.0222738981246948,-0.0269164214673323,0.0763333333333333,0.313,0.2116666666666666,0.056597150093885,0.476038338658147,0.4094238082062603,2,0.0148058303777428,0.7286666666666667,0.1039051231369197,0.136752375238919,0.4266666666666667,3.4583256780857514,11.759666666666666,6.066072855553986,2.6766666666666667,0.0003333333333333,5.018566285892457,0.027790181985013,0.751,8030,0.0,0.1093333333333333,-0.9782022316385852
mlma_fr_hate_vs_normal,0.0773195876288659,0.4356477214152281,1358,0.005231334313122,0.5338541666666666,0.0425907216412384,0.1845238095238095,0.5807304273645559,0.6257422149416502,0.0014956998638808,0,0.2472969966629588,0.0081511735916137,-0.0450117875770942,0.1509572901325478,0.3711340206185567,0.4212076583210604,0.02704970043283,0.5317460317460317,0.4757759230721638,2,0.0074180986081607,0.6671575846833578,0.0609192967591612,0.0891230809263595,0.0014727540500736,3.3863603987239483,16.550073637702504,5.076012416891151,4.213549337260678,0.0007363770250368,4.703047830923248,0.0006924443284795,0.8181148748159057,5722,0.0,0.1045655375552282,-1.1197700656566396
sbic_hf_group_targeted,0.0866666666666666,0.5323277811085328,3000,0.0037262367782092,0.6276041666666666,0.0425880374284821,0.0609756097560975,0.7149278802390103,0.6775603672844089,0.0128610050305724,1,-0.1475828649601951,0.1143006086349487,0.0373675129546013,0.0803333333333333,0.492,0.3373333333333333,0.0293043884341931,0.3760162601626016,0.4840002392666813,2,0.0265364583451127,0.7943333333333333,0.0860262364540047,0.0247583381345624,0.227,3.447427762577594,20.223666666666663,13.695192826519662,4.0,0.0096666666666666,4.417299863196585,0.0623034778465936,0.0913333333333333,12000,0.012,0.165,-1.054125230021029
sbic_hf_offensive_gab,0.1126666666666666,0.5293303627761619,3000,0.0036057854801876,0.6328125,0.0277579521639421,0.109107303877367,0.7162300900122511,0.6469923916134073,0.0066961529664695,1,-0.1611449698160076,0.0996738672256469,0.0692376983988438,0.081,0.3696666666666666,0.3013333333333333,0.0333386386736843,0.436429215509468,0.4433872303179281,2,0.0225573297402308,0.6483333333333333,0.056081573197378,0.178814363896374,0.0843333333333333,3.310819273651579,23.080666666666666,12.913048680393883,5.174333333333333,0.0366666666666666,4.7708904999855575,0.0840030031749667,0.0403333333333333,15523,0.0006666666666666,0.0693333333333333,-0.9841001369498302
sbic_hf_offensive_reddit,0.0056666666666666,0.5380005363511517,3000,0.0035790765225752,0.6197916666666666,0.0246727256937266,0.2338308457711442,0.6630697472069242,0.653641425242687,0.0198302995413541,1,-0.1224661169239038,0.1188346743583679,0.0094283219642372,0.0793333333333333,0.268,0.2536666666666666,0.0404336029716273,0.4402985074626865,0.3645799896467173,2,0.0406977705243001,0.7423333333333333,0.0815202010953704,0.2002215697468938,0.1053333333333333,3.313307597588949,19.847666666666665,15.015207664971612,3.486333333333333,0.0023333333333333,4.291906689283375,0.0409301138982158,0.0003333333333333,10459,0.001,0.0893333333333333,-1.062866194132266
sbic_hf_offensive_stormfront,0.0033333333333333,0.5093030719782343,3000,0.0039967693965784,0.6302083333333334,0.0515874438720469,0.1140873015873015,0.761242143352246,0.7123308431423869,0.0159289706498384,1,-0.0857740014206873,0.1969275474548339,0.0489113002098591,0.0806666666666666,0.336,0.278,0.029398829178714,0.3849206349206349,0.5980511714902034,2,0.0183399892688798,0.6603333333333333,0.0590247325030696,0.2635303117230828,0.036,3.148707720005598,24.401333333333334,10.777272299715834,2.9566666666666666,0.0,3.979686902355063,0.039604384159673,0.0043333333333333,8870,0.0023333333333333,0.0986666666666666,-1.04408569291807
sbic_hf_offensive_twitter,0.2813333333333333,0.527459316527181,3000,0.0034712415519428,0.640625,0.0333788570175295,0.1241830065359477,0.7358235991252914,0.7173267223690539,0.0056310468353331,1,-0.1703156958648288,0.1158274412155151,0.0184968767562374,0.082,0.306,0.2913333333333333,0.044349588088742,0.4738562091503268,0.5126851542698323,2,0.0100729746581674,0.772,0.0764278888870262,0.1637188977416134,0.3803333333333333,3.4507728210816877,18.741666666666667,6.13087246827254,4.756666666666667,0.0223333333333333,4.805353490440195,0.0816756647515662,0.2533333333333333,14270,0.055,0.313,-1.0714165820626944
sbic_hf_sex,0.1086666666666666,0.5246161700422636,3000,0.0019201154659103,0.6380208333333334,0.0232084878820326,0.2533333333333333,0.6927569903842198,0.6609318637560965,-0.0054825185798108,1,-0.1375392756738878,0.1882831454277038,0.0318251266281233,0.0816666666666666,0.1,0.14,0.0726499182090384,0.4333333333333333,0.6160336885760935,2,0.085616352076417,0.736,0.0747511811790683,0.1155555555555555,0.1963333333333333,3.4031831394682186,20.156666666666663,12.18485900160067,4.228666666666666,0.0126666666666666,4.462361501571027,0.062019477191184,0.0886666666666666,12686,0.0223333333333333,0.1673333333333333,-1.0492031200619027
sbic_offensive_binary,0.1183333333333333,0.5243493133702853,3000,0.0034455314515335,0.6380208333333334,0.0253526423460301,0.1532374100719424,0.7436097472048573,0.7044801444167916,0.0165291335433721,1,-0.1423429792567121,0.1409687995910644,0.0391296027880656,0.0816666666666666,0.4633333333333333,0.311,0.0340465855536712,0.4323741007194244,0.4477002258913133,2,0.030850969276505,0.7566666666666667,0.0732331559030885,0.1297198266231736,0.195,3.413681872787047,20.745666666666665,12.775614057866475,4.4943333333333335,0.0123333333333333,4.5051336021980495,0.0605637306492661,0.108,13483,0.027,0.1553333333333333,-1.0403716592317525
toxic_conversations_binary,0.0046666666666666,0.5179819585732743,3000,0.0020293106592661,0.6354166666666666,0.0162819523668051,0.3066666666666666,0.5960299210701361,0.6503255874647856,-0.0106437662616372,1,-0.1049619192439976,0.1042906045913696,-0.0542956663946495,0.0813333333333333,0.1,0.174,0.0586672097811678,0.3633333333333333,0.5334665435762027,2,0.0504599484203959,0.7456666666666667,0.0456896223903867,0.1751851851851852,0.0276666666666666,3.243631600769193,51.07566666666666,46.59398324414383,8.267,0.0016666666666666,4.763690472305795,0.0379676751217777,0.0013333333333333,24801,0.0263333333333333,0.2166666666666666,-1.0074134106960857
tweeteval_hate,0.294,0.4437576331617738,3000,0.0037652965984755,0.6145833333333334,0.0313131779311812,0.0780254777070063,0.6364693966466132,0.6677446341971567,0.004224294796586,1,-0.2005976662555735,0.0378329157829284,-0.0312752375505435,0.0786666666666666,0.4186666666666667,0.3463333333333333,0.0279615187731888,0.4347133757961783,0.5651222948363376,2,0.0227889131229569,0.7513333333333333,0.0828931766734936,0.1565768713843276,0.3273333333333333,3.400180918717197,21.082,11.059442843109233,4.457,0.0743333333333333,4.966448471049553,0.0917470575907735,0.4193333333333333,13371,0.012,0.2673333333333333,-1.0308725796349167
tweeteval_offensive,0.1783333333333333,0.4207536291338857,3000,0.0032773028776531,0.6145833333333334,0.0297922412314683,0.2285136501516683,0.6455593408871279,0.6064479528031981,0.0046752896159887,1,-0.143783048798912,0.0265133380889892,0.0391113880839297,0.0786666666666666,0.3296666666666666,0.328,0.0249147789967344,0.4893832153690596,0.4809172188137051,2,0.0280784874425104,0.594,0.0518850482909585,0.2889074699868619,0.101,3.324573253096627,22.063333333333333,14.91726032338229,4.252,0.1153333333333333,4.716331772171023,0.0684009666665517,0.898,12756,0.0,0.4303333333333333,-1.071118228496879
ucb_hate_binary,0.0606666666666666,0.5004774711181383,3000,0.0036949009790217,0.6223958333333334,0.0272320755461032,0.1332149200710479,0.7473356742407453,0.7415904187970082,0.0157143957912921,1,-0.1519791282348599,0.1314605474472046,0.0057452554437371,0.0796666666666666,0.3753333333333333,0.284,0.0365658601176326,0.3348134991119005,0.5042153817171968,2,0.0221540398374184,0.8313333333333334,0.0928124075669697,0.1207303457048021,0.3396666666666667,3.4845138514403446,25.29733333333333,19.96995058136655,4.836,0.079,4.588309703262531,0.0627227391321317,0.141,14508,0.0,0.203,-1.0450758283300798
ucb_target_identity_5way,0.063,0.3783674576359531,3000,0.0070110766483563,0.6223958333333334,0.0846393724273255,0.0920398009950248,0.8274941398312725,0.7119592465825237,0.0520934909582138,1,-0.1458241331781016,0.4523016214370727,0.1155348932487487,0.0796666666666666,0.134,0.2236666666666666,0.1043320733663957,0.3606965174129353,0.186163044638504,5,0.0765580987167115,0.8513333333333334,0.0958963170065716,0.1078113640841673,0.358,3.49341030073964,24.909,19.70330054415588,4.752,0.088,4.584955906165107,0.0580310564690808,0.1406666666666666,14256,0.0,0.2006666666666666,-1.0617861024336843
