dataset_id,tok_fertility_hatebert,tok_continued_hatebert,tok_unk_hatebert,tok_fertility_mbert,tok_continued_mbert,tok_unk_mbert,tok_fertility_gap,hl_doc_rate,hl_token_rate,hl_class_gap,hl_category_entropy,ch_js_between_classes,ch_js_class_to_corpus,ch_vocab_jaccard,ch_zipf_slope,lm_stump_bow_f1,lm_tree3_bow_f1,lm_nc_tfidf_f1,lm_nc_minilm_f1,lm_nc_hatebert_f1,lm_nc_gap_minilm_minus_tfidf,cx_f1,cx_n1,cx_n2,cx_lsc,cx_t2,cx_t3,cx_t4,cx_density,cx_clscoef,cx_hubs,ih_kdn_minilm,ih_kdn_hatebert,ih_kdn_mbert,ih_kdn_tfidf,ih_hard_frac_minilm,ih_kdn_gap_tfidf_minus_minilm,mt_safe,mt_borderline,mt_rare,mt_outlier,mt_safe_tfidf,mt_outlier_tfidf,lc_slope_minilm,lc_slope_tfidf,lc_auc_gap_minilm_minus_tfidf
davidson_3way,1.9546441326828357,0.2905763439856206,0.0,2.128457713765494,0.385513200588249,0.0,-0.1738135810826582,0.856,0.1123508378925602,0.1831392931392931,3.3559050169960605,0.23765964001434514,0.11116178869162602,0.23799250112438075,-1.0970838827510212,0.3160988781561161,0.4291866915812532,0.6712750006865774,0.6472248345759967,0.5743361647509221,-0.02405016611058075,0.6838563887916678,0.32866666666666666,0.4743821479983755,0.9953748888888889,0.128,0.08,0.625,0.8869080804712682,0.4743480949264973,0.7534803975185901,0.23546666666666669,0.27620000000000006,0.30846666666666667,0.28853333333333336,0.203,0.05306666666666668,0.12333333333333334,0.3333333333333333,0.26666666666666666,0.27666666666666667,0.03333333333333333,0.30333333333333334,0.08762824120544242,0.068251537533658,0.11145694877333692
davidson_hate_vs_not,1.9913240917782027,0.29450286806883363,0.0,2.164220841300191,0.38919694072657746,0.0,-0.1728967495219884,0.8423333333333334,0.11306158229235153,0.05296296296296299,3.380888949868836,0.1901737213185176,0.07925814442651181,0.1648528819024587,-1.0866034244029232,0.3594330957003673,0.46283542829504454,0.6919245062029274,0.6419855909416661,0.6256063545724445,-0.049938915261261374,0.9148825620784053,0.186,0.4607912249768031,0.9930286666666667,0.128,0.08,0.625,0.8731250416805602,0.48434179141013234,0.7273865502292773,0.1292,0.14939999999999998,0.15813333333333332,0.1322,0.08933333333333333,0.0030000000000000027,0.13666666666666666,0.36333333333333334,0.22333333333333333,0.27666666666666667,0.05333333333333334,0.32666666666666666,0.050366639440258265,0.020571567048709466,0.0401766218814219
ethos_binary,1.2679882525697503,0.1619676945668135,9.78952520802741e-05,1.4665198237885462,0.2643171806167401,0.004796867351933431,-0.19853157121879583,0.7585170340681363,0.09524712126237976,0.16138895133765252,3.3920779165416777,0.13284187005214798,0.038986306945773166,0.3686502177068215,-1.0275069935339227,0.424852257259199,0.4567600247364757,0.6561177529389836,0.7012556888376811,0.73241017681716,0.04513793589869752,0.9436867635721815,0.49298597194388777,0.48453635832234465,0.99534238818318,0.3847695390781563,0.22444889779559118,0.5833333333333334,0.9139904683991855,0.5190932224983249,0.8297021506408261,0.3667334669338677,0.36032064128256514,0.4286573146292586,0.41422845691382765,0.30060120240480964,0.047494989979959934,0.5288683602771362,0.4064665127020785,0.05542725173210162,0.009237875288683603,0.20554272517321015,0.04387990762124711,0.027927523243987968,0.03614294968446929,0.0690612798428287
ethos_category_gender_vs_rest,1.297935439717121,0.16265541234173606,0.00022812820805292574,1.56530169955515,0.2930306832439831,0.0049047564731379036,-0.2673662598380291,0.8498845265588915,0.11417624521072797,0.015816634273842167,3.4687684377451546,0.24720001089272348,0.0916399969935532,0.2111251580278129,-1.0158085116534472,0.6758554342282841,0.7233426626196033,0.7871945506702449,0.8493829683217566,0.7889945650513497,0.06218841765151173,0.7601520265355928,0.15473441108545036,0.448628048729431,0.9614590722655729,0.8868360277136259,0.40877598152424943,0.4609375,0.8795868616884783,0.4906800197154312,0.707851876627323,0.10946882217090069,0.2429561200923788,0.24064665127020785,0.22355658198614323,0.06004618937644342,0.11408775981524254,0.5930232558139535,0.27906976744186046,0.05813953488372093,0.06976744186046512,0.16279069767441862,0.12790697674418605,0.01514484672320848,0.08719489988687969,0.20134166886752827
ethos_category_national_origin_vs_rest,1.297935439717121,0.16265541234173606,0.00022812820805292574,1.56530169955515,0.2930306832439831,0.0049047564731379036,-0.2673662598380291,0.8498845265588915,0.11417624521072797,0.014529850184446302,3.4687684377451546,0.2365423651608653,0.08721874207953509,0.213653603034134,-1.0158085116534472,0.474781381377837,0.44586941545471676,0.6730235467274893,0.8243657833471991,0.749697284437435,0.1513422366197098,0.8641069172573719,0.16397228637413394,0.44464841912807473,0.9442687304321854,0.8868360277136259,0.40877598152424943,0.4609375,0.8763578821315542,0.5086369071333098,0.7152558355453004,0.12655889145496538,0.23556581986143188,0.23187066974595844,0.22586605080831412,0.08775981524249422,0.09930715935334875,0.2972972972972973,0.527027027027027,0.0945945945945946,0.08108108108108109,0.04054054054054054,0.13513513513513514,0.0826390830247572,0.05370331207123979,0.2793362579894383
ethos_category_race_vs_rest,1.297935439717121,0.16265541234173606,0.00022812820805292574,1.56530169955515,0.2930306832439831,0.0049047564731379036,-0.2673662598380291,0.8498845265588915,0.11417624521072797,0.11823676839156705,3.4687684377451546,0.21610226855969894,0.07955825180625592,0.22588832487309646,-1.0158085116534472,0.7274451045888821,0.8443070558242972,0.8020049986528155,0.8989099192032024,0.8512517461376419,0.09690492055038691,0.6036246072430999,0.14318706697459585,0.44701567648949175,0.9607070281456512,0.8868360277136259,0.40877598152424943,0.4609375,0.8801000769822941,0.4885268257171447,0.7274616656691022,0.10484988452655888,0.23048498845265591,0.2628175519630485,0.22448036951501157,0.06235565819861432,0.11963048498845269,0.6578947368421053,0.2236842105263158,0.06578947368421052,0.05263157894736842,0.18421052631578946,0.10526315789473684,0.02833242585247327,0.06043175035713839,0.1772013572543825
ethos_category_religion_vs_rest,1.297935439717121,0.16265541234173606,0.00022812820805292574,1.56530169955515,0.2930306832439831,0.0049047564731379036,-0.2673662598380291,0.8498845265588915,0.11417624521072797,0.08869949494949492,3.4687684377451546,0.24566358426009802,0.08303271608715,0.23803363518758086,-1.0158085116534472,0.6725986963741848,0.7347208722497465,0.7983173723521457,0.9206170473913909,0.8399602396159034,0.12229967503924521,0.697831683619912,0.09237875288683603,0.43850332601666137,0.9385403943698031,0.8868360277136259,0.40877598152424943,0.4609375,0.8717817124283637,0.49712235309585284,0.6912710111294478,0.08775981524249422,0.18983833718244805,0.21616628175519634,0.21755196304849886,0.050808314087759814,0.12979214780600462,0.7654320987654321,0.20987654320987653,0.024691358024691357,0.0,0.1111111111111111,0.14814814814814814,0.0510016994871243,0.10015244787990189,0.23157865949865095
hatebr_offensive_binary,2.142165369758719,0.6365112243184236,0.02482785646308011,1.7557521133068354,0.38907238425796337,0.02566758103342104,0.3864132564518836,0.4686666666666667,0.06650939374129551,0.29026178941286285,3.306337312024058,0.1774979117710383,0.05256783488884012,0.3388540734109221,-0.9820475036097118,0.42930238836754386,0.46733884100506395,0.7646544924248462,0.6531508206022898,0.5973638459484727,-0.11150367182255638,0.9345607720146543,0.45766666666666667,0.46722535903472284,0.9981851111111111,0.128,0.069,0.5390625,0.9219350894742692,0.46693555316149915,0.8392207218606504,0.2928666666666667,0.3857333333333334,0.3500666666666667,0.25379999999999997,0.23133333333333334,-0.03906666666666675,0.5429530201342282,0.3523489932885906,0.08120805369127516,0.02348993288590604,0.5892617449664429,0.026845637583892617,0.014216771622329353,0.03844495337507631,-0.0271341300466372
hatebr_partyism_vs_rest,2.1382548869717155,0.6362345746423501,0.02478977831167413,1.7570710931527793,0.3904390084088675,0.025526919296712896,0.3811837938189362,0.481,0.06825106642291286,0.16555555555555557,3.295684669809716,0.179822084376283,0.07017722300980811,0.19881806669480795,-0.9839435553281142,0.6405294777516938,0.7446741192983548,0.7161982791644561,0.5443025208335338,0.4506441487580634,-0.1718957583309223,0.9796791319491839,0.18766666666666668,0.44509001324920555,0.9929124444444445,0.128,0.06933333333333333,0.5416666666666666,0.8807209069689896,0.4692535057062185,0.7610761873619063,0.13613333333333336,0.18953333333333333,0.16613333333333333,0.14186666666666667,0.09333333333333334,0.0057333333333333125,0.10333333333333333,0.31666666666666665,0.3433333333333333,0.23666666666666666,0.06,0.37333333333333335,0.030466781666088953,0.03803883800784272,0.013624617609277759
hatecheck_en,1.2645576286488114,0.18323051459524525,0.0,1.3712007222389406,0.23942973216972616,0.0,-0.10664309359012925,0.7126666666666667,0.1421745203263986,0.03803002446545167,3.034890295747702,0.18292632172905382,0.056790489225737505,0.37579617834394907,-1.4240990461287228,0.3301336802696624,0.41613704514089045,0.7446203357712224,0.7541281384917637,0.76589696434384,0.009507802720541303,0.9568388646622574,0.2936666666666667,0.4306702999952986,0.9970645555555555,0.128,0.062,0.484375,0.9108084917194621,0.4008365118536985,0.804934511590669,0.185,0.07993333333333333,0.08906666666666667,0.12233333333333334,0.12466666666666666,-0.06266666666666666,0.48933901918976547,0.27185501066098083,0.1439232409381663,0.09488272921108742,0.7238805970149254,0.1140724946695096,0.027817335752186787,0.04294379473702984,0.051807207665060806
hateval_en_AG,1.850632281345756,0.26481155993840505,0.004510740228025696,2.0924235118445815,0.3535175996640276,0.012614518361823583,-0.24179123049882545,0.74,0.07623125725006087,0.12639987326501023,3.376485507131192,0.12919349745387934,0.04761943459427252,0.25634178905206945,-1.040578885213682,0.4652640261623956,0.45630753931555257,0.6235401015485943,0.6133714413610234,0.5674128704583135,-0.0101686601875709,0.9667069589957439,0.33466666666666667,0.4732826856299901,0.996786,0.128,0.07833333333333334,0.6119791666666666,0.8950010003334445,0.45917977842121815,0.7895988047450964,0.25373333333333337,0.278,0.278,0.242,0.19,-0.011733333333333373,0.09962406015037593,0.42293233082706766,0.2819548872180451,0.19548872180451127,0.09398496240601503,0.24060150375939848,0.025096125057942887,0.03206250002727244,0.04795672146279489
hateval_en_HS,1.8367624996172804,0.2646734637641224,0.004347692967147362,2.0778451364012125,0.3546278436055234,0.01318085790392211,-0.24108263678393205,0.749,0.07534005215307632,0.15860449311344593,3.39266459233696,0.10541298069048152,0.030810681131742748,0.39183318853171156,-1.0337492262459866,0.6080964285007772,0.618898986145507,0.6706512505189225,0.6480601637782529,0.6258659332704284,-0.022591086740669564,0.9329347545850214,0.46,0.4844808842364665,0.9985533333333333,0.128,0.07833333333333334,0.6119791666666666,0.9181682783149939,0.44782197293740333,0.865657974710227,0.3654666666666667,0.3608666666666666,0.37933333333333336,0.373,0.3006666666666667,0.007533333333333281,0.4154704944178628,0.45773524720893144,0.09409888357256778,0.03269537480063796,0.3118022328548644,0.03987240829346093,0.017849604144343976,0.025269921487145523,0.00033345879977247916
hateval_en_TR,1.8629665783479756,0.26917057902973396,0.004090549900060429,2.114302979593734,0.35879080865833063,0.012720990408900045,-0.2513364012457584,0.7356666666666667,0.07421484296859372,0.24275957394910164,3.404456081520454,0.22802015463072844,0.09000535211638336,0.1673052362707535,-1.0357355049442944,0.7148947815510197,0.7414444770370954,0.7406059152250221,0.673260780858843,0.6839869092846698,-0.06734513436617906,0.8167089789640044,0.23766666666666666,0.4528094036704537,0.9868038888888889,0.128,0.07866666666666666,0.6145833333333334,0.8872097365788596,0.4494610560024471,0.8035472481621491,0.18353333333333335,0.18133333333333335,0.1955333333333334,0.20693333333333333,0.14633333333333334,0.023399999999999976,0.2795918367346939,0.4897959183673469,0.1469387755102041,0.0836734693877551,0.20204081632653062,0.12857142857142856,0.0014243755973324776,0.0574480510018816,0.05530935263646064
hateval_es_AG,2.2382638943790023,0.5487548422800221,0.006040003162305321,2.032714048541387,0.40156534113368647,0.009834769546999763,0.20554984583761549,0.7856666666666666,0.06916544301306408,0.18146705260538976,3.139477867550693,0.12084804076581519,0.03955097873580025,0.29180426298408885,-1.0651744211479444,0.5397296098215132,0.6515678914752444,0.7154125189564783,0.6547412993294817,0.6087499270407204,-0.06067121962699662,0.9294912337531286,0.43266666666666664,0.48531733703424723,0.9983175555555556,0.128,0.072,0.5625,0.9099570968100478,0.4604285294267444,0.8107293096639775,0.3194,0.37366666666666665,0.3707333333333334,0.31260000000000004,0.25733333333333336,-0.006799999999999973,0.39059304703476483,0.36912065439672803,0.17075664621676892,0.06952965235173825,0.4263803680981595,0.06339468302658487,0.016394186483013884,0.042667638560760335,-0.014634066612420643
hateval_es_HS,2.231498875920052,0.5481968525761449,0.00543561947583998,2.019371131163192,0.4010501678420745,0.009054233007914754,0.21212774475685992,0.8003333333333333,0.06994512950616555,0.1255026404646632,3.134804511414793,0.10831195956232259,0.0325922539593198,0.33810375670840787,-1.062081690625084,0.48409172284482194,0.6011793769548753,0.6687427226401481,0.6223709142471889,0.5787355987834046,-0.04637180839295918,0.9668136424064749,0.474,0.4872267713438785,0.9986258888888889,0.128,0.07233333333333333,0.5651041666666666,0.9174949427586974,0.45936842218459806,0.8309727047702131,0.3618,0.42233333333333334,0.40479999999999994,0.33973333333333333,0.30366666666666664,-0.02206666666666668,0.3834405144694534,0.43488745980707394,0.1422829581993569,0.03938906752411576,0.5016077170418006,0.027331189710610933,0.018804244234009705,0.04101096607977057,0.0037360892058171113
hateval_es_TR,2.238260761615096,0.5478880233388163,0.005307097855435896,2.027373452096459,0.39914962291673134,0.009372769311939418,0.210887309518637,0.7946666666666666,0.06784262528558288,0.23223286290322576,3.139280860153366,0.19989006818692867,0.07425305768188167,0.17794279427942794,-1.0664288345274875,0.6265792463630271,0.7001029249120456,0.7698570565252669,0.7101652259885558,0.6704758387110639,-0.05969183053671112,0.8058336278131923,0.30566666666666664,0.47259080811810833,0.9959285555555556,0.128,0.072,0.5625,0.8978999666555518,0.46034339032655114,0.7902109542279079,0.2236,0.2594,0.2752,0.24293333333333336,0.161,0.01933333333333337,0.4388020833333333,0.3125,0.13671875,0.11197916666666667,0.625,0.048177083333333336,0.04236823173138306,0.04494399195794462,-0.01789197390108807
hatewic_all,1.3723811055972874,0.22929944188003515,0.0001608771517319044,1.4990656750034033,0.29378642939349314,0.018389495959508458,-0.12668456940611583,0.6946666666666667,0.05201893353941267,0.0749696246837066,3.494705388800419,0.11432175717090683,0.03361496882130375,0.34611543838625924,-1.0363649733112876,0.5350543993848076,0.5936995363434565,0.6417762425887952,0.7094537337965923,0.6836533516141413,0.06767749120779709,0.8790816622005728,0.5243333333333333,0.49110301823255714,0.998905,0.128,0.08,0.625,0.9188742914304768,0.5425845924959205,0.8628185329903294,0.3864666666666667,0.3980666666666667,0.41133333333333333,0.4134666666666667,0.3323333333333333,0.027000000000000024,0.38515901060070673,0.4890459363957597,0.09752650176678446,0.028268551236749116,0.3017667844522968,0.02049469964664311,0.04608641592147075,0.027532025315760166,0.0757223891471909
hatexplain_3way,1.1916446764570905,0.12217473611748508,0.007256769160165213,1.3428464892152363,0.24386186324001835,0.009881252868288205,-0.15120181275814581,0.871,0.10246264005449986,0.11127850314325038,3.4211849953557496,0.12631422849857074,0.05009457906210576,0.378017834467842,-1.0498621192882578,0.2901854235904945,0.4151876868803933,0.5962994540089256,0.5870687615349457,0.5805583804270744,-0.009230692473979896,0.8594479929822301,0.6136666666666667,0.49767336537329426,0.9990601111111111,0.128,0.07833333333333334,0.6119791666666666,0.9399144159164166,0.5076693715096963,0.8819678611913475,0.4884666666666667,0.5123333333333333,0.557,0.5593333333333333,0.496,0.07086666666666663,0.13216374269005848,0.43391812865497076,0.2783625730994152,0.15555555555555556,0.10175438596491228,0.13216374269005848,0.031668494259263054,0.04086378238477246,0.050090524917590015
hatexplain_hate_vs_rest,1.1890710843204204,0.12078292514999509,0.006322977700965308,1.3375346007390858,0.24037151006758561,0.00862735179642822,-0.1484635164186654,0.8776666666666667,0.1026939609311827,0.08024734723061344,3.4349040169194405,0.1094744927274939,0.034257428016025826,0.3713355048859935,-1.0478671386795095,0.623713692832339,0.7448608057378207,0.7812319928608759,0.7517480502909019,0.7174484608614329,-0.029483942569973998,0.8677823286753326,0.352,0.4775955076629946,0.997464,0.128,0.07833333333333334,0.6119791666666666,0.9066197621429365,0.5146911469773685,0.8065681018215805,0.2681333333333334,0.323,0.36233333333333334,0.32566666666666666,0.195,0.05753333333333327,0.4670981661272923,0.3376483279395901,0.13268608414239483,0.06256742179072276,0.12297734627831715,0.09061488673139159,0.037586790553624225,0.05099992856771086,0.06083889717398036
ihc_stg1_3way,1.22174070061394,0.12068135307571927,4.0126800690180975e-05,1.372075759399703,0.229043778339553,0.00022069740379599534,-0.15033505878576303,0.7473333333333333,0.10425023563709696,0.17306818181818184,2.9776922839908364,0.16737851847132812,0.0756049465675829,0.2695002287138096,-1.0080701930474898,0.2772740399830783,0.3389284538284535,0.48934943658889996,0.49112250620750064,0.5038717809657068,0.0017730696186006867,0.9443401760149868,0.5596666666666666,0.4919592255579011,0.9987323333333333,0.128,0.079,0.6171875,0.9313720128931866,0.49316028119498767,0.8470344471278959,0.4459333333333334,0.4776666666666667,0.4968,0.4836666666666667,0.4246666666666667,0.037733333333333285,0.02666666666666667,0.29333333333333333,0.33666666666666667,0.3433333333333333,0.02666666666666667,0.37,0.04173457722544948,0.0211217084544951,0.07071401582283235
ihc_stg1_binary,1.2142543509500239,0.11853345042311991,1.9958486348395338e-05,1.3611887274469103,0.22445313747405396,0.0004390866996646974,-0.14693437649688645,0.7596666666666667,0.10402970405154527,0.14657032975886097,2.95389185426341,0.10796816745598958,0.03220168967475348,0.37987987987987987,-1.0115067591732647,0.41682508378747585,0.5140039460691208,0.6595080837651605,0.6422715822875957,0.6445178342483099,-0.017236501477564725,0.955414816417024,0.472,0.484909725269367,0.9984485555555556,0.128,0.079,0.6171875,0.9182954318106036,0.49833070878425356,0.8269126824658168,0.3604666666666667,0.40473333333333344,0.4196666666666667,0.40160000000000007,0.306,0.041133333333333355,0.3228346456692913,0.4776902887139108,0.15835520559930008,0.04111986001749781,0.15310586176727908,0.08661417322834646,0.019275586129418557,0.0292190079695881,0.05421651603387628
ihc_stg1_explicit_vs_not,1.2052274927395934,0.11066069699903194,2.0167796063246208e-05,1.351504517586318,0.21924411100354954,6.050338818973863e-05,-0.14627702484672467,0.7166666666666667,0.0969061966004137,0.1592592592592592,2.9743041418263156,0.2001905686164242,0.08426877834609742,0.1378964941569282,-0.9989246857756622,0.5294668326720828,0.5805097234085294,0.6267131627769769,0.5824142767667237,0.5938376547069106,-0.04429888601025311,0.9773050718832692,0.20666666666666667,0.462525358662475,0.9944365555555555,0.128,0.07933333333333334,0.6197916666666666,0.87978126042014,0.509478439692095,0.7508502604423011,0.14686666666666667,0.15360000000000001,0.17113333333333336,0.15206666666666668,0.09933333333333333,0.00520000000000001,0.1,0.36,0.2633333333333333,0.27666666666666667,0.05,0.31333333333333335,0.039349259846238084,0.013345215630415018,0.04095102913350995
ihc_stg1_implicit_vs_not,1.2071385289000958,0.11477941320197815,1.954690279325241e-05,1.355147676850603,0.22160323696710257,0.00019546902793252409,-0.14800914795050724,0.754,0.10175153098368378,0.12167689161554196,2.9464645697228904,0.10908340709170944,0.03320559367558115,0.3643410852713178,-1.0155487286618394,0.42528469879822006,0.5038060918860691,0.6471487613391902,0.6420772598339874,0.6382157941969556,-0.005071501505202747,0.9616035516184737,0.474,0.48495519656627234,0.9984453333333333,0.128,0.07866666666666666,0.6145833333333334,0.9157797043458931,0.5044769850016038,0.8172039814388561,0.3582666666666667,0.38173333333333337,0.3941333333333334,0.385,0.31,0.02673333333333333,0.2681992337164751,0.48084291187739464,0.1810344827586207,0.06992337164750957,0.14942528735632185,0.11590038314176246,0.016483180576813822,0.026690938374167528,0.05897088555465525
ihc_stg2_6way,1.235403440978931,0.13601987303339774,1.8400956849756187e-05,1.3838071579722147,0.23670990891526358,0.0007360382739902475,-0.1484037169932837,0.839,0.11364573313178508,0.2636167711598746,2.8843739176279213,0.23791641815835066,0.12477899179774743,0.3231399720186857,-1.0359878304327992,0.14120169147146128,0.24648784578080743,0.49414760931355073,0.5091143422796196,0.5143975130801371,0.014966732966068874,0.7046238094210625,0.6866666666666666,0.49891906223198773,0.9992054444444445,0.128,0.07766666666666666,0.6067708333333334,0.9537112370790264,0.42441906769267546,0.8771578531874066,0.5579333333333333,0.6144000000000001,0.6406,0.6443333333333333,0.5693333333333334,0.08640000000000003,0.31974921630094044,0.3573667711598746,0.15673981191222572,0.16614420062695925,0.11285266457680251,0.2225705329153605,0.06910260835382846,0.07011086127909648,0.10808139933943685
ihc_stg2_incitement_vs_rest,1.236113708621657,0.13646904806433513,0.0,1.386328782494857,0.23764727884795211,0.0007480830372171312,-0.1502150738732,0.8336666666666667,0.11463992199470678,0.0038560552719592023,2.881410414171846,0.14358915569874142,0.05299295012269171,0.25017205781142465,-1.0319694153452401,0.5380988348888298,0.5887540030232665,0.6688322089278962,0.6364901456391276,0.6438096301330525,-0.03234206328876854,0.9243035167868319,0.32166666666666666,0.4705519845521966,0.9969933333333333,0.128,0.07766666666666666,0.6067708333333334,0.8988856285428476,0.4775634300639586,0.7922215092975537,0.24086666666666667,0.24880000000000002,0.2718666666666667,0.2651333333333334,0.17666666666666667,0.024266666666666714,0.22039473684210525,0.3832236842105263,0.2138157894736842,0.1825657894736842,0.18585526315789475,0.17763157894736842,0.04952858351199053,0.04074516518938055,0.09244409877915592
ihc_stg2_inferiority_vs_rest,1.2356743341852798,0.13623735970663406,1.8520576360336335e-05,1.3846538504278254,0.23678556876690002,0.0008149053598547987,-0.14897951624254557,0.8256666666666667,0.1126905156755903,0.028079492264825645,2.879623328309382,0.16760249403175692,0.06629365454097404,0.20449966420416388,-1.0328783528120484,0.4585542115879292,0.4515435331870754,0.6346197373085702,0.6398742871325406,0.6235056901527298,0.005254549823970334,0.9382093978139646,0.243,0.4594336542160812,0.9950452222222222,0.128,0.07766666666666666,0.6067708333333334,0.877570745804157,0.4828762666904982,0.7548571129570905,0.1658,0.16933333333333334,0.19773333333333334,0.19080000000000003,0.124,0.025000000000000022,0.09927360774818401,0.3559322033898305,0.2397094430992736,0.3050847457627119,0.05569007263922518,0.31234866828087166,0.058566654226187995,0.021615309829477104,0.09066288594048072
ihc_stg2_irony_vs_rest,1.2339806558863533,0.13684449146138733,0.0,1.3890924890433731,0.2416691854314644,0.0005478313435091431,-0.15511183315701982,0.8276666666666667,0.11404922060659765,0.030503681720189246,2.896360941516306,0.19971858681744065,0.0800766708711056,0.1810996563573883,-1.0303958672873457,0.47606124505725667,0.4770807434744957,0.6701422560473722,0.6600830563395791,0.6644568939526934,-0.01005919970779312,0.872387310805654,0.22233333333333333,0.45579434375885625,0.9922592222222222,0.128,0.07766666666666666,0.6067708333333334,0.8709874402578637,0.4779074460280399,0.7435988944677976,0.14086666666666667,0.14,0.1498,0.16646666666666665,0.108,0.025599999999999984,0.09162303664921466,0.27225130890052357,0.25392670157068065,0.38219895287958117,0.09947643979057591,0.28272251308900526,0.04361153840030568,0.029430125611526005,0.04794922360703119
ihc_stg2_stereotypical_vs_rest,1.2338742619480858,0.13539307066731032,0.0,1.385235248245386,0.23771770210553678,0.0006127223439414758,-0.15136098629730022,0.8333333333333334,0.11262089835637572,0.07532880461057256,2.881693879260768,0.14721816202532906,0.05374676972200469,0.25443169968717416,-1.0307659790406092,0.5221753138430245,0.6265103950353476,0.7000893020790097,0.6959140850536321,0.6778724405723361,-0.004175217025377598,0.8651951808680046,0.257,0.46269052894199636,0.9950542222222222,0.128,0.07766666666666666,0.6067708333333334,0.8835814160275648,0.4771725168716169,0.7609371342101472,0.20380000000000004,0.23480000000000004,0.23186666666666667,0.23220000000000002,0.16,0.02839999999999998,0.281767955801105,0.39226519337016574,0.15653775322283608,0.1694290976058932,0.055248618784530384,0.19889502762430938,0.019052225712321187,0.04255157577368865,0.15035947149621312
ihc_stg2_threatening_vs_rest,1.2301530302193249,0.1348360127433107,0.0,1.3795738725300628,0.2361011362171519,0.0005708708542806107,-0.14942084231073793,0.835,0.11411711658726892,0.25033353249793333,2.9159333741593216,0.24320158313017048,0.10119568443586138,0.15530179445350734,-1.0422378145594013,0.47724202972619106,0.4794623714362247,0.7091051493900975,0.7046118210701943,0.7205861490366685,-0.004493328319903234,0.8304011844115532,0.17233333333333334,0.43924090399444354,0.9738818888888889,0.128,0.07766666666666666,0.6067708333333334,0.8652037345781927,0.4745859223976049,0.73266125275473,0.11313333333333335,0.12666666666666668,0.1270666666666667,0.13746666666666668,0.08866666666666667,0.024333333333333332,0.3072100313479624,0.3448275862068966,0.16927899686520376,0.1786833855799373,0.14733542319749215,0.219435736677116,0.06782866758012143,0.05482648342395448,0.126578510220137
ihc_stg2_white_grievance_vs_rest,1.2309472269911175,0.1336679853698589,0.0,1.3813353735911025,0.23589236396208108,0.0005411659326714937,-0.150388146599985,0.8353333333333334,0.11410573319512,0.10657359041327397,2.8646237384894757,0.1372460349116531,0.04692929113711609,0.29353932584269665,-1.0334557240083095,0.6557779281416662,0.6591390003739592,0.7033729735238241,0.6884985727159035,0.6816256900376614,-0.014874400807920574,0.8321775765297004,0.34,0.46954829337565507,0.9964311111111112,0.128,0.07766666666666666,0.6067708333333334,0.9093660108925197,0.48115805603813255,0.8315536118255251,0.2586,0.3006666666666667,0.3134,0.2942666666666667,0.19066666666666668,0.03566666666666668,0.3967391304347826,0.3804347826086957,0.13858695652173914,0.08423913043478261,0.1875,0.10326086956521739,0.002753747051461797,0.04370254302798689,0.06654530850716675
ihc_target_black_vs_not,1.1924612933052665,0.10582125081151265,1.9673034172060356e-05,1.3401270878007514,0.21477051405638292,3.934606834412071e-05,-0.1476657944954849,0.7383333333333333,0.10343027429143192,0.22291666666666665,2.7808864661277917,0.1680241206216815,0.05872524034879176,0.24646185709354504,-1.009708272060763,0.7679820930063526,0.815666592422863,0.8014884110553198,0.6906885964457843,0.6860740712878305,-0.11079981460953547,0.8560836628118769,0.24133333333333334,0.4579466722771527,0.9940383333333334,0.128,0.079,0.6171875,0.8998006002000667,0.49057694689316256,0.7951301993888786,0.18666666666666668,0.2706,0.29053333333333337,0.2280666666666667,0.12833333333333333,0.04140000000000002,0.4,0.37666666666666665,0.14166666666666666,0.08166666666666667,0.14,0.15666666666666668,0.016376782478159168,0.06197944109607732,0.05291905675923994
ihc_target_immigrant_vs_not,1.2173482583043724,0.12307039521538835,0.0,1.3620585145073951,0.22577386244241493,0.00012123171421643902,-0.1447102562030227,0.6826666666666666,0.0873657695876972,0.04916666666666669,2.995901811252814,0.21751357498434193,0.07550352110289058,0.23828920570264767,-0.9938973132794189,0.46711106640955,0.534580414548046,0.8022769480105401,0.840787456596305,0.8108578333641671,0.03851050858576499,0.6333249759382941,0.16,0.4481219165466678,0.9891797777777778,0.128,0.07933333333333334,0.6197916666666666,0.8789474269200844,0.4718195092845071,0.7619014748705241,0.11926666666666669,0.1872,0.19173333333333334,0.185,0.084,0.06573333333333331,0.65,0.235,0.06333333333333334,0.051666666666666666,0.275,0.09,0.028422477918012307,0.08443873221827418,0.18453809601591803
ihc_target_jewish_vs_not,1.1937909014741515,0.10461719616856502,0.0,1.3523697380041213,0.22173410928194562,4.528882951020131e-05,-0.15857883652996985,0.7472693032015066,0.10386205505697288,0.2523540489642184,2.746180348597853,0.18203708128974594,0.06456201732225653,0.23311206559937525,-1.0071163727976948,0.7513849732325653,0.902498141256036,0.899348526591416,0.9080957006222954,0.837385231857971,0.008747174030879434,0.5542384769119157,0.13559322033898305,0.4518236329268278,0.9914244877837716,0.14463276836158193,0.08851224105461393,0.6119791666666666,0.8857757966158462,0.46260402226738095,0.7794158997108963,0.1192467043314501,0.1865160075329567,0.25039548022598873,0.231939736346516,0.062146892655367235,0.11269303201506589,0.8022598870056498,0.1431261770244821,0.032015065913371,0.022598870056497175,0.1807909604519774,0.1167608286252354,0.017644535719350634,0.07227755575644082,0.16951955918023223
ihc_target_lgbt_vs_not,1.2201737280624003,0.12125509661407552,0.0,1.3768835312887786,0.23222832831058324,0.0,-0.15670980322637829,0.7323529411764705,0.09816549570647931,0.13235294117647056,3.076806869077927,0.25438362781955415,0.08962997078030387,0.20292887029288703,-0.9236172185088877,0.6861633732343343,0.6766044294989724,0.6832702497428521,0.8955773591231481,0.8234038554070728,0.21230710938029596,0.5598935393022911,0.17058823529411765,0.45569055148673976,0.9579671280276817,1.1294117647058823,0.48823529411764705,0.4322916666666667,0.8756203366302273,0.47716064162587735,0.7277244060241601,0.13529411764705881,0.23705882352941174,0.2829411764705883,0.24411764705882352,0.06764705882352941,0.10882352941176471,0.6470588235294118,0.27941176470588236,0.014705882352941176,0.058823529411764705,0.058823529411764705,0.1323529411764706,0.016717217997119886,0.06807527833383276,0.2008403827269333
ihc_target_muslim_vs_not,1.207680454663705,0.11438634407956615,0.0,1.3644914050149086,0.22801224710331994,0.00014008124712333153,-0.15681095035120363,0.6993333333333334,0.09027532650900105,0.01750000000000007,2.9749557589651605,0.19770347672537805,0.06953484112293283,0.2347044590390598,-1.012731537921466,0.631351797643256,0.7999987296640829,0.8380094933187008,0.8800790830985561,0.8207776652821611,0.04206958977985531,0.6963750310286245,0.15266666666666667,0.44881066867556046,0.9900477777777777,0.128,0.07866666666666666,0.6145833333333334,0.8780940313437813,0.46376805955819145,0.7752428245740219,0.11766666666666667,0.20506666666666667,0.20133333333333334,0.20406666666666665,0.08166666666666667,0.08639999999999998,0.7566666666666667,0.19666666666666666,0.021666666666666667,0.025,0.185,0.115,0.01341578353367801,0.0827186105839044,0.22976571861924347
mlma_ar_hate_vs_normal,4.260109799418709,0.9743442534715993,0.0042699773942373245,2.371703326276508,0.7268290932577416,0.022390469697513366,1.8884064731422008,0.3370514064015519,0.03310349806866178,0.15993349245596733,2.950687142432649,0.25535637665912947,0.0756879957695795,0.23076923076923078,-0.8771254872885551,0.5625989863699793,0.7311335517003558,0.7496906470499985,0.700360524658419,0.6692741958541871,-0.04933012239157952,0.8307583216804149,0.5397672162948594,0.48620617574067676,0.9982522877132839,0.18622696411251213,0.0431619786614937,0.23177083333333334,0.9109803749933526,0.45552783302566313,0.8132373070642535,0.37710960232783713,0.39059165858389916,0.3566440349175558,0.3616876818622696,0.32832201745877787,-0.015421920465567507,0.36830601092896176,0.4131147540983607,0.15191256830601094,0.06666666666666667,0.3256830601092896,0.05683060109289618,0.009347184723497428,0.03907022412756979,-0.0025497632819869442
mlma_en_hate_vs_normal,1.7462229655035573,0.39028884038663225,0.0,1.7994274214121715,0.45522832279826525,0.009495734006065931,-0.05320445590861422,0.7286666666666667,0.10390512313691971,0.13675237523891903,3.4583256780857514,0.1781813750536002,0.05659715009388504,0.2720981440704624,-0.9782022316385852,0.40942380820626034,0.4709070693211056,0.6209372079644557,0.5940207864971234,0.5857916109010326,-0.026916421467332308,0.9767454609564153,0.45466666666666666,0.42033192984441825,0.9986431111111111,0.128,0.07633333333333334,0.5963541666666666,0.9088158274980549,0.40559546628529564,0.794756385522294,0.34,0.3574666666666667,0.3618666666666666,0.35739999999999994,0.28833333333333333,0.017399999999999916,0.1299254526091587,0.476038338658147,0.2992545260915868,0.09478168264110756,0.11288604898828541,0.09691160809371673,0.014805830377742819,0.023986730313765345,0.02554149990381524
mlma_fr_hate_vs_normal,1.9262291434927696,0.557908787541713,0.0,1.6789321468298108,0.41156840934371525,0.054505005561735265,0.2472969966629588,0.6671575846833578,0.0609192967591612,0.08912308092635957,3.3863603987239483,0.08904834287823107,0.02704970043283001,0.36097560975609755,-1.1197700656566396,0.4757759230721638,0.5775534961699174,0.6257422149416502,0.5807304273645559,0.5639420187906012,-0.04501178757709423,0.9758980629475644,0.5581737849779087,0.49148179840160583,0.9978250307456387,0.28276877761413843,0.15095729013254786,0.5338541666666666,0.9187738698484811,0.4356477214152281,0.8305431542891751,0.42783505154639173,0.4493372606774669,0.43136966126656856,0.4247422680412371,0.3873343151693667,-0.003092783505154628,0.20634920634920634,0.5317460317460317,0.18452380952380953,0.07738095238095238,0.10317460317460317,0.0873015873015873,0.0074180986081607,0.027482456040350066,0.012299160920627328
sbic_hf_group_targeted,1.3502167427601326,0.17957508529610522,0.000576881871075143,1.4977996077203277,0.2661568129748974,0.005735854032404279,-0.14758286496019513,0.7943333333333333,0.08602623645400473,0.024758338134562408,3.447427762577594,0.1016200250330011,0.029304388434193182,0.40172855313700384,-1.054125230021029,0.4840002392666813,0.5446085365915526,0.6775603672844089,0.7149278802390103,0.6907932689676878,0.03736751295460139,0.9283587098152328,0.47,0.48240314877192236,0.9984003333333333,0.128,0.08033333333333334,0.6276041666666666,0.9135013893520062,0.5323277811085328,0.828410370420558,0.36213333333333336,0.39866666666666667,0.40080000000000005,0.4073333333333333,0.309,0.04519999999999996,0.5453929539295393,0.37601626016260165,0.06097560975609756,0.017615176151761516,0.38346883468834686,0.026422764227642278,0.026536458345112732,0.027024105940891573,0.06776235981762518
sbic_hf_offensive_gab,1.3375985673435198,0.17814332341642355,0.002960630830998527,1.4987435371595275,0.2608676814650068,0.010470523670604547,-0.16114496981600768,0.6483333333333333,0.056081573197378005,0.17881436389637406,3.310819273651579,0.11102723607001945,0.033338638673684355,0.3692488262910798,-0.9841001369498302,0.44338723031792815,0.5000018025342897,0.6469923916134073,0.7162300900122511,0.7080807109423279,0.06923769839884386,0.8989694952958159,0.43866666666666665,0.4818916224671358,0.9981808888888889,0.128,0.081,0.6328125,0.9112859842169612,0.5293303627761619,0.8531841352291786,0.3376666666666667,0.3758,0.3943333333333333,0.3871333333333334,0.2703333333333333,0.04946666666666666,0.4075743913435528,0.436429215509468,0.109107303877367,0.046889089269612265,0.16952209197475204,0.0775473399458972,0.022557329740230888,0.029717649494111136,0.16306594492391774
sbic_hf_offensive_reddit,1.274289169171859,0.1718421980753405,0.00023512419595922275,1.3967552860957628,0.24617503316930622,0.006852190853668777,-0.12246611692390386,0.7423333333333333,0.08152020109537048,0.20022156974689387,3.313307597588949,0.12282291734923609,0.04043360297162732,0.3316798941798942,-1.0628661941322661,0.36457998964671734,0.5381116642120729,0.653641425242687,0.6630697472069242,0.6935811232965161,0.009428321964237263,0.9219686911219663,0.4,0.4683863615898502,0.9977962222222222,0.128,0.07933333333333334,0.6197916666666666,0.9093151050350117,0.5380005363511517,0.8217226913660438,0.27520000000000006,0.296,0.29673333333333335,0.32073333333333337,0.23366666666666666,0.045533333333333315,0.15298507462686567,0.44029850746268656,0.23383084577114427,0.17288557213930347,0.10696517412935323,0.1256218905472637,0.04069777052430018,0.049243655448735636,0.0812100155718862
sbic_hf_offensive_stormfront,1.120266652095514,0.07438118135621004,0.0,1.2060406535162014,0.1377793563193268,0.001953445166930769,-0.08577400142068736,0.6603333333333333,0.05902473250306964,0.26353031172308283,3.148707720005598,0.09843074749808664,0.029398829178714083,0.4012326656394453,-1.04408569291807,0.5980511714902034,0.6574615639931466,0.7123308431423869,0.761242143352246,0.7521656712812932,0.04891130020985912,0.7031929958366989,0.38366666666666666,0.4790380026388062,0.9973247777777777,0.128,0.08066666666666666,0.6302083333333334,0.9024190285650773,0.5093030719782343,0.8200917206010446,0.2970666666666667,0.3436666666666667,0.3476666666666667,0.3625333333333334,0.228,0.06546666666666667,0.4623015873015873,0.38492063492063494,0.11408730158730158,0.03869047619047619,0.12797619047619047,0.08333333333333333,0.018339989268879885,0.04167868080443512,0.16801149845081673
sbic_hf_offensive_twitter,1.6378479324144064,0.24583370386838596,0.0014228546020453535,1.8081636282792353,0.34024010671409516,0.0038594931080480213,-0.17031569586482886,0.772,0.0764278888870262,0.1637188977416134,3.4507728210816873,0.1340256006793004,0.04434958808874202,0.2901522211867039,-1.0714165820626944,0.5126851542698323,0.6287081421979414,0.7173267223690539,0.7358235991252914,0.7271760421310294,0.018496876756237457,0.7740775965868174,0.39766666666666667,0.4813015661061679,0.9977493333333334,0.128,0.082,0.640625,0.9071130376792265,0.527459316527181,0.8269309117695505,0.31120000000000003,0.31460000000000005,0.3473333333333333,0.35413333333333336,0.24633333333333332,0.04293333333333332,0.3562091503267974,0.4738562091503268,0.12418300653594772,0.0457516339869281,0.2657952069716776,0.0664488017429194,0.010072974658167482,0.04597369537003379,0.10501425712362916
sbic_hf_sex,1.3843393418223913,0.18526542086985281,0.0008930047957664958,1.521878617496279,0.26608235488672066,0.0060691251860426655,-0.1375392756738878,0.736,0.07475118117906837,0.11555555555555552,3.4031831394682186,0.17644444370039297,0.07264991820903849,0.15930425179458862,-1.0492031200619027,0.6160336885760935,0.6481031229336564,0.6609318637560965,0.6927569903842198,0.673183195944063,0.03182512662812331,0.919498849090148,0.18133333333333335,0.45807469959588676,0.991733,0.128,0.08166666666666667,0.6380208333333334,0.8736336556629988,0.5246161700422636,0.7921759013000844,0.14546666666666666,0.16113333333333335,0.16973333333333335,0.15366666666666667,0.09766666666666667,0.008200000000000013,0.10333333333333333,0.43333333333333335,0.25333333333333335,0.21,0.04,0.33,0.08561635207641709,0.025332525993946517,0.12374288960816157
sbic_offensive_binary,1.3963558654819481,0.19083503382232433,0.0014460851262110962,1.5386988447386603,0.2726031139033051,0.006298504105274997,-0.14234297925671213,0.7566666666666667,0.07323315590308854,0.1297198266231736,3.413681872787047,0.11736420589953406,0.034046585553671245,0.3793103448275862,-1.0403716592317525,0.4477002258913133,0.5588621385544849,0.7044801444167916,0.7436097472048573,0.71876535735624,0.039129602788065654,0.8788310105855559,0.454,0.4828915513368396,0.9984154444444444,0.128,0.08166666666666667,0.6380208333333334,0.915190619095254,0.5243493133702853,0.86052989843263,0.33166666666666667,0.357,0.3569333333333334,0.39080000000000004,0.2806666666666667,0.05913333333333337,0.3553956834532374,0.43237410071942445,0.15323741007194244,0.058992805755395686,0.26618705035971224,0.04892086330935252,0.03085096927650503,0.031165214476546087,0.09342016304347894
toxic_conversations_binary,1.290236055003361,0.1813387979925209,3.263132476652287e-05,1.3951979742473586,0.23845014259888922,0.0019839845458045906,-0.10496191924399767,0.7456666666666667,0.045689622390386736,0.17518518518518522,3.243631600769193,0.13876888694998044,0.05866720978116789,0.17558187015108206,-1.0074134106960857,0.5334665435762027,0.6034255791930174,0.6503255874647856,0.5960299210701361,0.6222546693816925,-0.054295666394649555,0.9665951957086181,0.23533333333333334,0.47054000719270683,0.9952438888888889,0.128,0.08133333333333333,0.6354166666666666,0.877295542958764,0.5179819585732743,0.7699513910310138,0.17246666666666668,0.16720000000000002,0.18680000000000002,0.1548,0.107,-0.01766666666666669,0.043333333333333335,0.36333333333333334,0.30666666666666664,0.2866666666666667,0.01,0.4666666666666667,0.05045994842039597,0.0017172436056899342,0.07812314043616603
tweeteval_hate,1.4688992189229357,0.24969168010625178,0.0044745912784998265,1.6694968851785092,0.3424248173797552,0.01277551149479809,-0.20059766625557351,0.7513333333333333,0.0828931766734936,0.15657687138432763,3.400180918717197,0.09567881989750923,0.027961518773188882,0.4123208295211955,-1.0308725796349167,0.5651222948363376,0.6133926933604633,0.6677446341971567,0.6364693966466132,0.6506418408298815,-0.03127523755054351,0.9369290750634401,0.47733333333333333,0.4851689752745004,0.9986984444444444,0.128,0.07866666666666666,0.6145833333333334,0.9194500389018562,0.44375763316177386,0.8739704473278209,0.37573333333333336,0.39060000000000006,0.39913333333333334,0.38580000000000003,0.31533333333333335,0.010066666666666668,0.4625796178343949,0.43471337579617836,0.07802547770700637,0.024681528662420384,0.3288216560509554,0.03184713375796178,0.02278891312295697,0.03148349980763701,0.016115283406586217
tweeteval_offensive,1.4315304426650552,0.28389484816437527,0.006466233570025684,1.5753134914639673,0.3555370901948935,0.017887898474089742,-0.14378304879891202,0.594,0.05188504829095857,0.2889074699868619,3.324573253096627,0.08176296052540549,0.024914778996734496,0.3959795788130185,-1.071118228496879,0.4809172188137051,0.535373264926122,0.6064479528031981,0.6455593408871279,0.6173612424613302,0.03911138808392978,0.9620611159813148,0.5056666666666667,0.4865768955016228,0.9986531111111111,0.128,0.07866666666666666,0.6145833333333334,0.9152346337668111,0.4207536291338857,0.8016037180456362,0.3470666666666667,0.3754,0.394,0.3544666666666667,0.2946666666666667,0.007400000000000018,0.16582406471183014,0.48938321536905965,0.22851365015166836,0.11627906976744186,0.11526794742163801,0.16885743174924167,0.02807848744251049,0.02825305363484508,0.06322964616093209
ucb_hate_binary,1.3405629051810468,0.20497549148790387,0.0037816897696726927,1.4925420334159067,0.28634111632319614,0.004032045538396669,-0.15197912823485993,0.8313333333333334,0.09281240756696973,0.12073034570480212,3.4845138514403446,0.11885304013973116,0.03656586011763266,0.3584699453551913,-1.0450758283300798,0.5042153817171968,0.5823858829329671,0.7415904187970082,0.7473356742407453,0.7531201291618033,0.005745255443737163,0.8469636417340292,0.409,0.4816641291898462,0.9979835555555555,0.128,0.07966666666666666,0.6223958333333334,0.9128553962431922,0.5004774711181383,0.8476650176690494,0.30526666666666663,0.31266666666666665,0.341,0.3435333333333333,0.24066666666666667,0.03826666666666667,0.4706927175843694,0.33481349911190056,0.13321492007104796,0.06127886323268206,0.35701598579040855,0.047957371225577264,0.02215403983741842,0.0306308703447279,0.07421537165106146
ucb_target_identity_5way,1.3410280086180364,0.20374161949496167,0.00450974881903462,1.486852141796138,0.28444872669851595,0.004884446050289721,-0.1458241331781016,0.8513333333333334,0.09589631700657164,0.10781136408416736,3.4934103007396398,0.2040102475662795,0.10433207336639579,0.3287964622122003,-1.0617861024336845,0.186163044638504,0.2695631314189335,0.7119592465825237,0.8274941398312725,0.72949279655272,0.11553489324874877,0.43418462036081673,0.30433333333333334,0.4709527746039323,0.9961788888888888,0.128,0.07966666666666666,0.6223958333333334,0.9228731799488719,0.37836745763595314,0.8460878151549163,0.23966666666666667,0.4368,0.5758,0.4808,0.18433333333333332,0.24113333333333334,0.4900497512437811,0.36069651741293535,0.09203980099502487,0.05721393034825871,0.1417910447761194,0.18407960199004975,0.07655809871671156,0.10038008600613858,0.361000546664351
